{
  "Amazon_employee_access": {
    "n_layers": 24,
    "critical_layer": 18,
    "critical_depth_frac": 0.75,
    "half_cka_layer": 18,
    "half_cka_depth_frac": 0.75,
    "final_cka": 0.16090003005894557,
    "l0_cka_profile": [
      0.9999999996271428,
      0.9990772392455562,
      0.997354422317933,
      0.9897120300666574,
      0.956049070208181,
      0.959393600907813,
      0.9549179114879,
      0.9327755501100701,
      0.8850982991013172,
      0.8793418290203414,
      0.8327317884226288,
      0.8728186396032022,
      0.8436075940097558,
      0.8181411248922412,
      0.8476349143561505,
      0.8093775192085408,
      0.8573261191593123,
      0.6815085255809615,
      0.24635823734447018,
      0.3415937774744697,
      0.37780785559107005,
      0.21548650016342047,
      0.20354663079604482,
      0.16090003005894557
    ],
    "dataset": "Amazon_employee_access",
    "model": "tabpfn",
    "layer_names": [
      "layer_0",
      "layer_1",
      "layer_2",
      "layer_3",
      "layer_4",
      "layer_5",
      "layer_6",
      "layer_7",
      "layer_8",
      "layer_9",
      "layer_10",
      "layer_11",
      "layer_12",
      "layer_13",
      "layer_14",
      "layer_15",
      "layer_16",
      "layer_17",
      "layer_18",
      "layer_19",
      "layer_20",
      "layer_21",
      "layer_22",
      "layer_23"
    ]
  },
  "anneal": {
    "n_layers": 24,
    "critical_layer": 19,
    "critical_depth_frac": 0.7916666666666666,
    "half_cka_layer": 19,
    "half_cka_depth_frac": 0.7916666666666666,
    "final_cka": 0.2867429203476978,
    "l0_cka_profile": [
      0.9999999987535304,
      0.9978625711753566,
      0.9957474113078677,
      0.9921754063334306,
      0.9223249071906582,
      0.9233707437014307,
      0.909005133522628,
      0.9107682775316199,
      0.9035184939805301,
      0.8559201579847165,
      0.8043555767237512,
      0.7702102502110214,
      0.6771955139845599,
      0.6601599297687303,
      0.660731526840847,
      0.6366364438309411,
      0.5924709285122326,
      0.5067622397462536,
      0.5425539669257206,
      0.4450711536541637,
      0.3729701429371164,
      0.3635702787622091,
      0.29473638309599365,
      0.2867429203476978
    ],
    "dataset": "anneal",
    "model": "tabpfn",
    "layer_names": [
      "layer_0",
      "layer_1",
      "layer_2",
      "layer_3",
      "layer_4",
      "layer_5",
      "layer_6",
      "layer_7",
      "layer_8",
      "layer_9",
      "layer_10",
      "layer_11",
      "layer_12",
      "layer_13",
      "layer_14",
      "layer_15",
      "layer_16",
      "layer_17",
      "layer_18",
      "layer_19",
      "layer_20",
      "layer_21",
      "layer_22",
      "layer_23"
    ]
  },
  "APSFailure": {
    "n_layers": 24,
    "critical_layer": 23,
    "critical_depth_frac": 0.9583333333333334,
    "half_cka_layer": 23,
    "half_cka_depth_frac": 0.9583333333333334,
    "final_cka": 0.7717649735020355,
    "l0_cka_profile": [
      0.9999999997492334,
      0.9994110099880419,
      0.998693096644211,
      0.9936312409316008,
      0.9806270596161822,
      0.9664294171672411,
      0.9603220616027949,
      0.952860984317475,
      0.9317815719481201,
      0.9496147441669112,
      0.9275821617052622,
      0.9632562822911102,
      0.9466636758072765,
      0.934000317170555,
      0.9297826723567626,
      0.923292432035885,
      0.9096208714493738,
      0.8555328370515843,
      0.8850065732536196,
      0.8239480510090456,
      0.8346359823801583,
      0.8348291826188213,
      0.8159679858521219,
      0.7717649735020355
    ],
    "dataset": "APSFailure",
    "model": "tabpfn",
    "layer_names": [
      "layer_0",
      "layer_1",
      "layer_2",
      "layer_3",
      "layer_4",
      "layer_5",
      "layer_6",
      "layer_7",
      "layer_8",
      "layer_9",
      "layer_10",
      "layer_11",
      "layer_12",
      "layer_13",
      "layer_14",
      "layer_15",
      "layer_16",
      "layer_17",
      "layer_18",
      "layer_19",
      "layer_20",
      "layer_21",
      "layer_22",
      "layer_23"
    ]
  },
  "bank-marketing": {
    "n_layers": 24,
    "critical_layer": 17,
    "critical_depth_frac": 0.7083333333333334,
    "half_cka_layer": 17,
    "half_cka_depth_frac": 0.7083333333333334,
    "final_cka": 0.12631354792170438,
    "l0_cka_profile": [
      0.9999999990067547,
      0.9972542805316673,
      0.9939121732314171,
      0.9870375157245497,
      0.9061654843623663,
      0.9087709664475367,
      0.9034060216885158,
      0.9210717714305432,
      0.8683469923868932,
      0.8381845971880492,
      0.8547681733470969,
      0.8724230061794751,
      0.7641664120577066,
      0.7093054487633955,
      0.7138677741705436,
      0.6675567847744315,
      0.5214435421874792,
      0.2916835540545795,
      0.2517392597943,
      0.27392231090446373,
      0.23494650048907578,
      0.15655958928144326,
      0.13750828734932713,
      0.12631354792170438
    ],
    "dataset": "bank-marketing",
    "model": "tabpfn",
    "layer_names": [
      "layer_0",
      "layer_1",
      "layer_2",
      "layer_3",
      "layer_4",
      "layer_5",
      "layer_6",
      "layer_7",
      "layer_8",
      "layer_9",
      "layer_10",
      "layer_11",
      "layer_12",
      "layer_13",
      "layer_14",
      "layer_15",
      "layer_16",
      "layer_17",
      "layer_18",
      "layer_19",
      "layer_20",
      "layer_21",
      "layer_22",
      "layer_23"
    ]
  },
  "Bank_Customer_Churn": {
    "n_layers": 24,
    "critical_layer": 18,
    "critical_depth_frac": 0.75,
    "half_cka_layer": 18,
    "half_cka_depth_frac": 0.75,
    "final_cka": 0.14429937137174922,
    "l0_cka_profile": [
      0.999999999701734,
      0.9990765875746541,
      0.9986431266342308,
      0.9962498949727222,
      0.973114815923878,
      0.9764365366575849,
      0.9659214843813916,
      0.9642535995448412,
      0.9336254846220466,
      0.9196437823816176,
      0.9031885518104125,
      0.8955097145738842,
      0.8344099258062233,
      0.8162574389972743,
      0.8372302143884693,
      0.8138434805769036,
      0.8038829530209729,
      0.6536125927748957,
      0.40892827800139864,
      0.4189066780757359,
      0.354469921152443,
      0.27249853539321833,
      0.22963755957767207,
      0.14429937137174922
    ],
    "dataset": "Bank_Customer_Churn",
    "model": "tabpfn",
    "layer_names": [
      "layer_0",
      "layer_1",
      "layer_2",
      "layer_3",
      "layer_4",
      "layer_5",
      "layer_6",
      "layer_7",
      "layer_8",
      "layer_9",
      "layer_10",
      "layer_11",
      "layer_12",
      "layer_13",
      "layer_14",
      "layer_15",
      "layer_16",
      "layer_17",
      "layer_18",
      "layer_19",
      "layer_20",
      "layer_21",
      "layer_22",
      "layer_23"
    ]
  },
  "Bioresponse": {
    "n_layers": 24,
    "critical_layer": 19,
    "critical_depth_frac": 0.7916666666666666,
    "half_cka_layer": 19,
    "half_cka_depth_frac": 0.7916666666666666,
    "final_cka": 0.5280898297599234,
    "l0_cka_profile": [
      0.9999999981770638,
      0.9995847338920393,
      0.9987577690670553,
      0.9936566807224761,
      0.9462082227189769,
      0.9575184277507179,
      0.9393884085672145,
      0.9504473974697161,
      0.9721981802939171,
      0.9777913750921768,
      0.9434847061011106,
      0.9512788890159336,
      0.771735894974456,
      0.7830207850796725,
      0.811060719249013,
      0.7975256373601027,
      0.6607848856820151,
      0.7334276993934036,
      0.8907965269252485,
      0.4087718340101601,
      0.4537431508206231,
      0.5823391238932146,
      0.5431648305279576,
      0.5280898297599234
    ],
    "dataset": "Bioresponse",
    "model": "tabpfn",