{
  "airfoil_self_noise": {
    "n_layers": 18,
    "critical_layer": 17,
    "critical_depth_frac": 0.9444444444444444,
    "half_cka_layer": 17,
    "half_cka_depth_frac": 0.9444444444444444,
    "final_cka": 0.44296006161720075,
    "l0_cka_profile": [
      0.9999999999083743,
      0.9947366128225887,
      0.9891600345802283,
      0.9482755289133288,
      0.9078277536313641,
      0.8267166915796423,
      0.7460727479213037,
      0.7155957654026417,
      0.7004904727173721,
      0.7166800148847265,
      0.7347549286004034,
      0.7867425778309463,
      0.7317421129657624,
      0.7203024849204203,
      0.6898338052319123,
      0.573525936569189,
      0.507766870538204,
      0.44296006161720075
    ],
    "dataset": "airfoil_self_noise",
    "model": "tabpfn",
    "layer_names": [
      "layer_0",
      "layer_1",
      "layer_2",
      "layer_3",
      "layer_4",
      "layer_5",
      "layer_6",
      "layer_7",
      "layer_8",
      "layer_9",
      "layer_10",
      "layer_11",
      "layer_12",
      "layer_13",
      "layer_14",
      "layer_15",
      "layer_16",
      "layer_17"
    ]
  },
  "Another-Dataset-on-used-Fiat-500": {
    "n_layers": 18,
    "critical_layer": 17,
    "critical_depth_frac": 0.9444444444444444,
    "half_cka_layer": 17,
    "half_cka_depth_frac": 0.9444444444444444,
    "final_cka": 0.6282206564870625,
    "l0_cka_profile": [
      0.9999999999255853,
      0.9919164503729035,
      0.9899625606283518,
      0.9696466114222507,
      0.8730379052909014,
      0.841056631515071,
      0.7598547829104269,
      0.7798067612245649,
      0.7471106611391587,
      0.7540972622967644,
      0.7766036640953141,
      0.802947696136304,
      0.6842886846386742,
      0.6878053320836598,
      0.690720342176128,
      0.6661620869936099,
      0.650329941464547,
      0.6282206564870625
    ],
    "dataset": "Another-Dataset-on-used-Fiat-500",
    "model": "tabpfn",
    "layer_names": [
      "layer_0",
      "layer_1",
      "layer_2",
      "layer_3",
      "layer_4",
      "layer_5",
      "layer_6",
      "layer_7",
      "layer_8",
      "layer_9",
      "layer_10",
      "layer_11",
      "layer_12",
      "layer_13",
      "layer_14",
      "layer_15",
      "layer_16",
      "layer_17"
    ]
  },
  "concrete_compressive_strength": {
    "n_layers": 18,
    "critical_layer": 6,
    "critical_depth_frac": 0.3333333333333333,
    "half_cka_layer": 6,
    "half_cka_depth_frac": 0.3333333333333333,
    "final_cka": 0.23832621328412573,
    "l0_cka_profile": [
      0.9999999996033607,
      0.9554380283502643,
      0.9285580047881887,
      0.8099819594043368,
      0.701151343430088,
      0.6681269560455254,
      0.4523427833011398,
      0.5063317550208447,
      0.5838083112462376,
      0.5572402829613183,
      0.5541167308926215,
      0.5452345166388096,
      0.6597161848831674,
      0.5704498996716714,
      0.49990549872380063,
      0.33435586698186154,
      0.29582397212100814,
      0.23832621328412573
    ],
    "dataset": "concrete_compressive_strength",
    "model": "tabpfn",
    "layer_names": [
      "layer_0",
      "layer_1",
      "layer_2",
      "layer_3",
      "layer_4",
      "layer_5",
      "layer_6",
      "layer_7",
      "layer_8",
      "layer_9",
      "layer_10",
      "layer_11",
      "layer_12",
      "layer_13",
      "layer_14",
      "layer_15",
      "layer_16",
      "layer_17"
    ]
  },
  "diamonds": {
    "n_layers": 18,
    "critical_layer": 17,
    "critical_depth_frac": 0.9444444444444444,
    "half_cka_layer": 17,
    "half_cka_depth_frac": 0.9444444444444444,
    "final_cka": 0.5844799236754156,
    "l0_cka_profile": [
      0.9999999999607705,
      0.9902294024283831,
      0.9894552620639344,
      0.9703853425713042,
      0.9266980083014765,
      0.8713629922339715,
      0.8271023156296683,
      0.7997537476140046,
      0.7713025106309177,
      0.7830525621677599,
      0.7842476510502665,
      0.8312175677238469,
      0.7777316176197618,
      0.7124936090438989,
      0.7254787293794505,
      0.6746445390481219,
      0.5751282788611262,
      0.5844799236754156
    ],
    "dataset": "diamonds",
    "model": "tabpfn",
    "layer_names": [
      "layer_0",
      "layer_1",
      "layer_2",
      "layer_3",
      "layer_4",
      "layer_5",
      "layer_6",
      "layer_7",
      "layer_8",
      "layer_9",
      "layer_10",
      "layer_11",
      "layer_12",
      "layer_13",
      "layer_14",
      "layer_15",
      "layer_16",
      "layer_17"
    ]
  },
  "Food_Delivery_Time": {
    "n_layers": 18,
    "critical_layer": 5,
    "critical_depth_frac": 0.2777777777777778,
    "half_cka_layer": 5,
    "half_cka_depth_frac": 0.2777777777777778,
    "final_cka": 0.10844133914236143,
    "l0_cka_profile": [
      0.9999999998287927,
      0.9981467399715933,
      0.9941077181942669,
      0.9668464542277679,
      0.781912555404792,
      0.491963335412247,
      0.42221694673893956,
      0.5250142636898049,
      0.4836198524227999,
      0.41105256650941946,
      0.4253900305311805,
      0.4997695931713436,
      0.4287995566795783,
      0.22900842881613254,
      0.1746051613484227,
      0.1293408930844522,
      0.11562718700941702,
      0.10844133914236143
    ],
    "dataset": "Food_Delivery_Time",
    "model": "tabpfn",
    "layer_names": [
      "layer_0",
      "layer_1",
      "layer_2",
      "layer_3",
      "layer_4",
      "layer_5",
      "layer_6",
      "layer_7",
      "layer_8",
      "layer_9",
      "layer_10",
      "layer_11",
      "layer_12",
      "layer_13",
      "layer_14",
      "layer_15",
      "layer_16",
      "layer_17"
    ]
  },
  "healthcare_insurance_expenses": {
    "n_layers": 18,
    "critical_layer": 15,
    "critical_depth_frac": 0.8333333333333334,
    "half_cka_layer": 15,
    "half_cka_depth_frac": 0.8333333333333334,
    "final_cka": 0.48279826571546053,
    "l0_cka_profile": [
      0.9999999998998297,
      0.99379117438836,
      0.9884271628966489,
      0.9454281230640903,
      0.7913395515035253,
      0.6565165230173962,
      0.5364915657880758,
      0.6026348237297227,
      0.5024528682710617,
      0.6002291870913099,
      0.5872140962429273,
      0.6022170787440542,
      0.6104432465320664,
      0.6048632269775598,
      0.5372466470901036,
      0.45072279209742727,
      0.43511406035218214,
      0.48279826571546053
    ],
    "dataset": "healthcare_insurance_expenses",
    "model": "tabpfn",
    "layer_names": [
      "layer_0",
      "layer_1",
      "layer_2",
      "layer_3",
      "layer_4",
      "layer_5",
      "layer_6",
      "layer_7",
      "layer_8",
      "layer_9",
      "layer_10",
      "layer_11",
      "layer_12",
      "layer_13",
      "layer_14",
      "layer_15",
      "layer_16",
      "layer_17"
    ]
  },
  "houses": {
    "n_layers": 18,
    "critical_layer": 14,
    "critical_depth_frac": 0.7777777777777778,
    "half_cka_layer": 14,
    "half_cka_depth_frac": 0.7777777777777778,
    "final_cka": 0.27225897335316407,
    "l0_cka_profile": [
      0.9999999999412135,
      0.9960316544360233,
      0.9924521983976181,
      0.9629477397239344,
      0.7648042646134172,
      0.6737757663026295,
      0.6151272472171548,
      0.6325478220027584,
      0.5848795357676992,
      0.5935212766926449,
      0.5957491997044279,
      0.6705460120714511,
      0.5289334622851942,
      0.5462933144942731,
      0.4562248406776493,
      0.34803918482181456,
      0.30287939549498505,
      0.27225897335316407
    ],
    "dataset": "houses",
    "model": "tabpfn",
    "layer_names": [
      "layer_0",
      "layer_1",
      "layer_2",
      "layer_3",
      "layer_4",
      "layer_5",
      "layer_6",
      "layer_7",
      "layer_8",
      "layer_9",
      "layer_10",
      "layer_11",
      "layer_12",
      "layer_13",
      "layer_14",
      "layer_15",
      "layer_16",
      "layer_17"
    ]
  },
  "miami_housing": {
    "n_layers": 18,