{
  "Amazon_employee_access": {
    "n_layers": 13,
    "critical_layer": 10,
    "critical_depth_frac": 0.7692307692307693,
    "half_cka_layer": 11,
    "half_cka_depth_frac": 0.8461538461538461,
    "final_cka": 0.4004836433523654,
    "l0_cka_profile": [
      0.999999999720966,
      0.8914019797174747,
      0.7689346562543843,
      0.7130972816289872,
      0.7773557459165632,
      0.7432336249189222,
      0.7153254972143446,
      0.672978981258627,
      0.6595817222465359,
      0.5694714609283089,
      0.48616079591928574,
      0.3998951424716294,
      0.4004836433523654
    ],
    "dataset": "Amazon_employee_access",
    "model": "tabicl",
    "layer_names": [
      "row_output",
      "layer_0",
      "layer_1",
      "layer_2",
      "layer_3",
      "layer_4",
      "layer_5",
      "layer_6",
      "layer_7",
      "layer_8",
      "layer_9",
      "layer_10",
      "layer_11"
    ]
  },
  "anneal": {
    "n_layers": 13,
    "critical_layer": 8,
    "critical_depth_frac": 0.6153846153846154,
    "half_cka_layer": 9,
    "half_cka_depth_frac": 0.6923076923076923,
    "final_cka": 0.23229929193688106,
    "l0_cka_profile": [
      0.9999999997495742,
      0.8440636888049957,
      0.7257664090874382,
      0.6448106269476184,
      0.6973756179383399,
      0.6089934686941191,
      0.5687550178899228,
      0.5303480211691172,
      0.4741962874650328,
      0.368452317407167,
      0.3115955537720553,
      0.2570058471016422,
      0.23229929193688106
    ],
    "dataset": "anneal",
    "model": "tabicl",
    "layer_names": [
      "row_output",
      "layer_0",
      "layer_1",
      "layer_2",
      "layer_3",
      "layer_4",
      "layer_5",
      "layer_6",
      "layer_7",
      "layer_8",
      "layer_9",
      "layer_10",
      "layer_11"
    ]
  },
  "Another-Dataset-on-used-Fiat-500": {
    "n_layers": 13,
    "critical_layer": 12,
    "critical_depth_frac": 0.9230769230769231,
    "half_cka_layer": 12,
    "half_cka_depth_frac": 0.9230769230769231,
    "final_cka": 0.5721856675336663,
    "l0_cka_profile": [
      0.999999999854422,
      0.6130579549531665,
      0.6142926443449104,
      0.6204108863068034,
      0.6166374304034142,
      0.6153127660717745,
      0.6133841310392668,
      0.5931097534392801,
      0.5904907000441222,
      0.5872500061123295,
      0.5834432575599773,
      0.5777247045712044,
      0.5721856675336663
    ],
    "dataset": "Another-Dataset-on-used-Fiat-500",
    "model": "tabicl",
    "layer_names": [
      "row_output",
      "layer_0",
      "layer_1",
      "layer_2",
      "layer_3",
      "layer_4",
      "layer_5",
      "layer_6",
      "layer_7",
      "layer_8",
      "layer_9",
      "layer_10",
      "layer_11"
    ]
  },
  "APSFailure": {
    "n_layers": 13,
    "critical_layer": 11,
    "critical_depth_frac": 0.8461538461538461,
    "half_cka_layer": 11,
    "half_cka_depth_frac": 0.8461538461538461,
    "final_cka": 0.4176182512791751,
    "l0_cka_profile": [
      0.9999999999875077,
      0.9357963147682464,
      0.9160985662809795,
      0.8722300506607129,
      0.887124074657722,
      0.8726984040975503,
      0.8759055461130962,
      0.8158676442266961,
      0.776177478269292,
      0.6940238043771646,
      0.5742329341600939,
      0.4397576726053463,
      0.4176182512791751
    ],
    "dataset": "APSFailure",
    "model": "tabicl",
    "layer_names": [
      "row_output",
      "layer_0",
      "layer_1",
      "layer_2",
      "layer_3",
      "layer_4",
      "layer_5",
      "layer_6",
      "layer_7",
      "layer_8",
      "layer_9",
      "layer_10",
      "layer_11"
    ]
  },
  "bank-marketing": {
    "n_layers": 13,
    "critical_layer": 10,
    "critical_depth_frac": 0.7692307692307693,
    "half_cka_layer": 10,
    "half_cka_depth_frac": 0.7692307692307693,
    "final_cka": 0.3000991071568469,
    "l0_cka_profile": [
      0.9999999990972068,
      0.9059200285385836,
      0.7306588157066958,
      0.7388785501491786,
      0.8329439644972746,
      0.8271988111807798,
      0.81128275446094,
      0.7702008500373781,
      0.7247965597801007,
      0.5708177610910768,
      0.42179518073256533,
      0.309409466444125,
      0.3000991071568469
    ],
    "dataset": "bank-marketing",
    "model": "tabicl",
    "layer_names": [
      "row_output",
      "layer_0",
      "layer_1",
      "layer_2",
      "layer_3",
      "layer_4",
      "layer_5",
      "layer_6",
      "layer_7",
      "layer_8",
      "layer_9",
      "layer_10",
      "layer_11"
    ]
  },
  "Bank_Customer_Churn": {
    "n_layers": 13,
    "critical_layer": 11,
    "critical_depth_frac": 0.8461538461538461,
    "half_cka_layer": 11,
    "half_cka_depth_frac": 0.8461538461538461,
    "final_cka": 0.32758852039604974,
    "l0_cka_profile": [
      0.9999999996250941,
      0.94160449195628,
      0.796509506579237,
      0.8094170986282052,
      0.891240096206687,
      0.877113799839719,
      0.8683081371787928,
      0.8432516463840075,
      0.8069180618966947,
      0.6887258011179281,
      0.5603008610091326,
      0.339543798906853,
      0.32758852039604974
    ],
    "dataset": "Bank_Customer_Churn",
    "model": "tabicl",
    "layer_names": [
      "row_output",
      "layer_0",
      "layer_1",
      "layer_2",
      "layer_3",
      "layer_4",
      "layer_5",
      "layer_6",
      "layer_7",
      "layer_8",
      "layer_9",
      "layer_10",
      "layer_11"
    ]
  },
  "Bioresponse": {
    "n_layers": 13,
    "critical_layer": 12,
    "critical_depth_frac": 0.9230769230769231,
    "half_cka_layer": 12,
    "half_cka_depth_frac": 0.9230769230769231,
    "final_cka": NaN,
    "l0_cka_profile": [
      0.9999999997844375,
      NaN,
      NaN,
      NaN,
      NaN,
      NaN,
      NaN,
      NaN,
      NaN,
      NaN,
      NaN,
      NaN,
      NaN
    ],
    "dataset": "Bioresponse",
    "model": "tabicl",
    "layer_names": [
      "row_output",
      "layer_0",
      "layer_1",
      "layer_2",
      "layer_3",
      "layer_4",
      "layer_5",
      "layer_6",
      "layer_7",
      "layer_8",
      "layer_9",
      "layer_10",
      "layer_11"
    ]
  },
  "blood-transfusion-service-center": {
    "n_layers": 13,
    "critical_layer": 2,
    "critical_depth_frac": 0.15384615384615385,
    "half_cka_layer": 9,
    "half_cka_depth_frac": 0.6923076923076923,
    "final_cka": 0.4282432184928392,
    "l0_cka_profile": [
      0.9999999999425614,
      0.7962476553251492,
      0.49777606256120505,
      0.45445719274559165,
      0.5671961678737713,
      0.506462403923214,
      0.4716864543229919,
      0.4266496005826249,
      0.42771652635401347,
      0.3810558205054824,
      0.3879960693367301,
      0.4247842264370721,
      0.4282432184928392
    ],
    "dataset": "blood-transfusion-service-center",
    "model": "tabicl",
    "layer_names": [
      "row_output",
      "layer_0",
      "layer_1",
      "layer_2",
      "layer_3",
      "layer_4",
      "layer_5",
      "layer_6",
      "layer_7",
      "layer_8",
      "layer_9",
      "layer_10",
      "layer_11"
    ]
  },
  "churn": {
    "n_layers": 13,
    "critical_layer": 10,
    "critical_depth_frac": 0.7692307692307693,
    "half_cka_layer": 10,
    "half_cka_depth_frac": 0.7692307692307693,
    "final_cka": 0.29511436766116655,
    "l0_cka_profile": [
      0.9999999993979399,
      0.9313306184180766,
      0.7949145537513977,
      0.7597537668998445,
      0.8804604898602689,
      0.8819145879488012,
      0.8684498939486738,
      0.8294691503458606,
      0.7757263813067703,
      0.6152430925806895,
      0.40903003272520416,
      0.3065930353616354,
      0.29511436766116655
    ],
    "dataset": "churn",
    "model": "tabicl",