{
  "Another-Dataset-on-used-Fiat-500": {
    "n_layers": 13,
    "critical_layer": 12,
    "critical_depth_frac": 0.9230769230769231,
    "half_cka_layer": 12,
    "half_cka_depth_frac": 0.9230769230769231,
    "final_cka": 0.0008559436714301395,
    "l0_cka_profile": [
      0.999999999999811,
      0.9880072039294892,
      0.9734313802176824,
      0.9013992507061082,
      0.9062689745670828,
      0.888281040577023,
      0.86910646142366,
      0.8545197731028171,
      0.8170770497962763,
      0.8308906189682276,
      0.8395542386345777,
      0.859700496886991,
      0.0008559436714301395
    ],
    "dataset": "Another-Dataset-on-used-Fiat-500",
    "model": "mitra_regressor",
    "layer_names": [
      "layer_0",
      "layer_1",
      "layer_2",
      "layer_3",
      "layer_4",
      "layer_5",
      "layer_6",
      "layer_7",
      "layer_8",
      "layer_9",
      "layer_10",
      "layer_11",
      "final_norm"
    ]
  },
  "Food_Delivery_Time": {
    "n_layers": 13,
    "critical_layer": 12,
    "critical_depth_frac": 0.9230769230769231,
    "half_cka_layer": 12,
    "half_cka_depth_frac": 0.9230769230769231,
    "final_cka": 0.0029147707040133647,
    "l0_cka_profile": [
      0.9999999999996902,
      0.996892164583251,
      0.9907720247213998,
      0.805218652990833,
      0.8667837016327595,
      0.7484546885504931,
      0.7345540082270607,
      0.7594377076294376,
      0.6341011109377525,
      0.6779256496817445,
      0.6910125772194311,
      0.7056329804820782,
      0.0029147707040133647
    ],
    "dataset": "Food_Delivery_Time",
    "model": "mitra_regressor",
    "layer_names": [
      "layer_0",
      "layer_1",
      "layer_2",
      "layer_3",
      "layer_4",
      "layer_5",
      "layer_6",
      "layer_7",
      "layer_8",
      "layer_9",
      "layer_10",
      "layer_11",
      "final_norm"
    ]
  },
  "QSAR-TID-11": {
    "n_layers": 13,
    "critical_layer": 12,
    "critical_depth_frac": 0.9230769230769231,
    "half_cka_layer": 12,
    "half_cka_depth_frac": 0.9230769230769231,
    "final_cka": 0.0025672870676543918,
    "l0_cka_profile": [
      0.9999999999997085,
      0.9984873317379239,
      0.9982871563258782,
      0.9934263267509245,
      0.9884369972561273,
      0.9836983511782444,
      0.9732119858474402,
      0.969818626754366,
      0.9265997213176032,
      0.930145077515536,
      0.9365147390578907,
      0.9520241531376504,
      0.0025672870676543918
    ],
    "dataset": "QSAR-TID-11",
    "model": "mitra_regressor",
    "layer_names": [
      "layer_0",
      "layer_1",
      "layer_2",
      "layer_3",
      "layer_4",
      "layer_5",
      "layer_6",
      "layer_7",
      "layer_8",
      "layer_9",
      "layer_10",
      "layer_11",
      "final_norm"
    ]
  },
  "QSAR_fish_toxicity": {
    "n_layers": 13,
    "critical_layer": 12,
    "critical_depth_frac": 0.9230769230769231,
    "half_cka_layer": 12,
    "half_cka_depth_frac": 0.9230769230769231,
    "final_cka": 0.005826927912939485,
    "l0_cka_profile": [
      0.9999999999993587,
      0.9671484963122992,
      0.9281908217047238,
      0.7536496163500886,
      0.7792356448588103,
      0.7165049441366234,
      0.6543649001803552,
      0.6863579504628458,
      0.6868768097534385,
      0.6817569801760947,
      0.6811247389125198,
      0.6894937273181656,
      0.005826927912939485
    ],
    "dataset": "QSAR_fish_toxicity",
    "model": "mitra_regressor",
    "layer_names": [
      "layer_0",
      "layer_1",
      "layer_2",
      "layer_3",
      "layer_4",
      "layer_5",
      "layer_6",
      "layer_7",
      "layer_8",
      "layer_9",
      "layer_10",
      "layer_11",
      "final_norm"
    ]
  },
  "airfoil_self_noise": {
    "n_layers": 13,
    "critical_layer": 12,
    "critical_depth_frac": 0.9230769230769231,
    "half_cka_layer": 12,
    "half_cka_depth_frac": 0.9230769230769231,
    "final_cka": 0.0015415267015623714,
    "l0_cka_profile": [
      0.999999999999621,
      0.9913043095953801,
      0.9737026788436215,
      0.8047203095122974,
      0.8687732109215056,
      0.7051862783379279,
      0.6660954558644555,
      0.7277460204043966,
      0.7399495574817232,
      0.7343488374718521,
      0.7278517505219501,
      0.7214953142853674,
      0.0015415267015623714
    ],
    "dataset": "airfoil_self_noise",
    "model": "mitra_regressor",
    "layer_names": [
      "layer_0",
      "layer_1",
      "layer_2",
      "layer_3",
      "layer_4",
      "layer_5",
      "layer_6",
      "layer_7",
      "layer_8",
      "layer_9",
      "layer_10",
      "layer_11",
      "final_norm"
    ]
  },
  "concrete_compressive_strength": {
    "n_layers": 13,
    "critical_layer": 12,
    "critical_depth_frac": 0.9230769230769231,
    "half_cka_layer": 12,
    "half_cka_depth_frac": 0.9230769230769231,
    "final_cka": 0.0020931537461979415,
    "l0_cka_profile": [
      0.9999999999996774,
      0.9927560542126539,
      0.9791051083475366,
      0.873430499384403,
      0.8796916264905181,
      0.8514162279263773,
      0.8008199230464866,
      0.820165905668601,
      0.8344773247602442,
      0.8341584221755236,
      0.8342214086908856,
      0.8374119602026787,
      0.0020931537461979415
    ],
    "dataset": "concrete_compressive_strength",
    "model": "mitra_regressor",
    "layer_names": [
      "layer_0",
      "layer_1",
      "layer_2",
      "layer_3",
      "layer_4",
      "layer_5",
      "layer_6",
      "layer_7",
      "layer_8",
      "layer_9",
      "layer_10",
      "layer_11",
      "final_norm"
    ]
  },
  "diamonds": {
    "n_layers": 13,
    "critical_layer": 12,
    "critical_depth_frac": 0.9230769230769231,
    "half_cka_layer": 12,
    "half_cka_depth_frac": 0.9230769230769231,
    "final_cka": 0.0007931555670167502,
    "l0_cka_profile": [
      0.9999999999997111,
      0.9631222839080478,
      0.9598600591571322,
      0.8808156815552495,
      0.8953691783849268,
      0.8713356863170734,
      0.8550558571802713,
      0.8594026986634644,
      0.8782374377514326,
      0.8799482530914129,
      0.8808609862421131,
      0.8776736742383253,
      0.0007931555670167502
    ],
    "dataset": "diamonds",
    "model": "mitra_regressor",
    "layer_names": [
      "layer_0",
      "layer_1",
      "layer_2",
      "layer_3",
      "layer_4",
      "layer_5",
      "layer_6",
      "layer_7",
      "layer_8",
      "layer_9",
      "layer_10",
      "layer_11",
      "final_norm"
    ]
  },
  "healthcare_insurance_expenses": {
    "n_layers": 13,
    "critical_layer": 12,
    "critical_depth_frac": 0.9230769230769231,
    "half_cka_layer": 12,
    "half_cka_depth_frac": 0.9230769230769231,
    "final_cka": 0.006869488189019397,
    "l0_cka_profile": [
      0.9999999999996515,
      0.9918656838932541,
      0.9700365948495255,
      0.824298364724957,
      0.855890591715083,
      0.7831453205917778,
      0.7425004563972435,
      0.7310034698927748,
      0.7268166617384184,
      0.7281438002580135,
      0.7308785422593217,
      0.7399543142059997,
      0.006869488189019397
    ],
    "dataset": "healthcare_insurance_expenses",
    "model": "mitra_regressor",
    "layer_names": [
      "layer_0",
      "layer_1",
      "layer_2",
      "layer_3",
      "layer_4",
      "layer_5",
      "layer_6",
      "layer_7",
      "layer_8",
      "layer_9",
      "layer_10",
      "layer_11",
      "final_norm"
    ]
  },
  "houses": {
    "n_layers": 13,
    "critical_layer": 12,
    "critical_depth_frac": 0.9230769230769231,
    "half_cka_layer": 12,
    "half_cka_depth_frac": 0.9230769230769231,
    "final_cka": 0.003881506864360115,