{
  "airfoil_self_noise": {
    "n_layers": 17,
    "critical_layer": 16,
    "critical_depth_frac": 0.9411764705882353,
    "half_cka_layer": 16,
    "half_cka_depth_frac": 0.9411764705882353,
    "final_cka": 0.9459309976752356,
    "l0_cka_profile": [
      0.9999999999998349,
      0.9240255996830926,
      0.8465910478807316,
      0.8579366052031183,
      0.7981180526045549,
      0.8233725058923926,
      0.7327966446883898,
      0.7118895048659808,
      0.7251423099788626,
      0.7253155390175988,
      0.7444181692396703,
      0.7356574798991196,
      0.7339524024627763,
      0.7309685201227727,
      0.732289744949662,
      0.7324104928507655,
      0.9459309976752356
    ],
    "dataset": "airfoil_self_noise",
    "model": "tabdpt",
    "layer_names": [
      "layer_0",
      "layer_1",
      "layer_2",
      "layer_3",
      "layer_4",
      "layer_5",
      "layer_6",
      "layer_7",
      "layer_8",
      "layer_9",
      "layer_10",
      "layer_11",
      "layer_12",
      "layer_13",
      "layer_14",
      "layer_15",
      "input_encoder"
    ]
  },
  "Amazon_employee_access": {
    "n_layers": 17,
    "critical_layer": 16,
    "critical_depth_frac": 0.9411764705882353,
    "half_cka_layer": 16,
    "half_cka_depth_frac": 0.9411764705882353,
    "final_cka": 0.9374891045445685,
    "l0_cka_profile": [
      0.9999999999997277,
      0.9467496955756997,
      0.8794388797634994,
      0.8700981743550986,
      0.8661648790760265,
      0.8343086610741933,
      0.7823297045640522,
      0.7814153414096563,
      0.7356191230247514,
      0.72546208325917,
      0.737510358656747,
      0.7248732141470378,
      0.7229553704220415,
      0.7104263488524599,
      0.6860869292355414,
      0.6929664956780652,
      0.9374891045445685
    ],
    "dataset": "Amazon_employee_access",
    "model": "tabdpt",
    "layer_names": [
      "layer_0",
      "layer_1",
      "layer_2",
      "layer_3",
      "layer_4",
      "layer_5",
      "layer_6",
      "layer_7",
      "layer_8",
      "layer_9",
      "layer_10",
      "layer_11",
      "layer_12",
      "layer_13",
      "layer_14",
      "layer_15",
      "input_encoder"
    ]
  },
  "anneal": {
    "n_layers": 17,
    "critical_layer": 13,
    "critical_depth_frac": 0.7647058823529411,
    "half_cka_layer": 14,
    "half_cka_depth_frac": 0.8235294117647058,
    "final_cka": 0.9464234029183686,
    "l0_cka_profile": [
      0.9999999999996693,
      0.9412339728660345,
      0.9129375475434972,
      0.8516215295909312,
      0.8951842474032194,
      0.8400610325887383,
      0.8194548403487179,
      0.8204458270168236,
      0.7800190498783369,
      0.7423372371206195,
      0.658874058544096,
      0.6502692558343701,
      0.5468352933310167,
      0.4916694037496069,
      0.3474668438621655,
      0.33010740890269596,
      0.9464234029183686
    ],
    "dataset": "anneal",
    "model": "tabdpt",
    "layer_names": [
      "layer_0",
      "layer_1",
      "layer_2",
      "layer_3",
      "layer_4",
      "layer_5",
      "layer_6",
      "layer_7",
      "layer_8",
      "layer_9",
      "layer_10",
      "layer_11",
      "layer_12",
      "layer_13",
      "layer_14",
      "layer_15",
      "input_encoder"
    ]
  },
  "Another-Dataset-on-used-Fiat-500": {
    "n_layers": 17,
    "critical_layer": 14,
    "critical_depth_frac": 0.8235294117647058,
    "half_cka_layer": 14,
    "half_cka_depth_frac": 0.8235294117647058,
    "final_cka": 0.9038881941005886,
    "l0_cka_profile": [
      0.9999999999998099,
      0.952199492059687,
      0.8751572620587913,
      0.8575881717001187,
      0.7951243858687725,
      0.7249878094442684,
      0.6735951595252716,
      0.6832481780364483,
      0.6765013336942693,
      0.653269450664316,
      0.608579146010381,
      0.5773100491556139,
      0.5438822869272252,
      0.5217559798348679,
      0.43970236623722253,
      0.4386820204260451,
      0.9038881941005886
    ],
    "dataset": "Another-Dataset-on-used-Fiat-500",
    "model": "tabdpt",
    "layer_names": [
      "layer_0",
      "layer_1",
      "layer_2",
      "layer_3",
      "layer_4",
      "layer_5",
      "layer_6",
      "layer_7",
      "layer_8",
      "layer_9",
      "layer_10",
      "layer_11",
      "layer_12",
      "layer_13",
      "layer_14",
      "layer_15",
      "input_encoder"
    ]
  },
  "APSFailure": {
    "n_layers": 17,
    "critical_layer": 16,
    "critical_depth_frac": 0.9411764705882353,
    "half_cka_layer": 16,
    "half_cka_depth_frac": 0.9411764705882353,
    "final_cka": 0.465351450316259,
    "l0_cka_profile": [
      0.9999999999994755,
      0.9559024983731419,
      0.9060556051222343,
      0.8839903665270128,
      0.8869840673500233,
      0.8528766249306552,
      0.8400104512933072,
      0.8691536891089703,
      0.8355887232888786,
      0.8258173763843175,
      0.8062966962023538,
      0.8082724536316755,
      0.78101562975969,
      0.7223152214270957,
      0.6351359476174019,
      0.640415595572266,
      0.465351450316259
    ],
    "dataset": "APSFailure",
    "model": "tabdpt",
    "layer_names": [
      "layer_0",
      "layer_1",
      "layer_2",
      "layer_3",
      "layer_4",
      "layer_5",
      "layer_6",
      "layer_7",
      "layer_8",
      "layer_9",
      "layer_10",
      "layer_11",
      "layer_12",
      "layer_13",
      "layer_14",
      "layer_15",
      "input_encoder"
    ]
  },
  "bank-marketing": {
    "n_layers": 17,
    "critical_layer": 14,
    "critical_depth_frac": 0.8235294117647058,
    "half_cka_layer": 14,
    "half_cka_depth_frac": 0.8235294117647058,
    "final_cka": 0.9151263813042168,
    "l0_cka_profile": [
      0.9999999999996174,
      0.9489599206845661,
      0.9019487434797102,
      0.9125816104356588,
      0.9042162862498418,
      0.875154772517806,
      0.8550665089665993,
      0.8569594095700732,
      0.7909126293050113,
      0.7891239244726955,
      0.7092586139292131,
      0.6910632109418485,
      0.6379514102097437,
      0.5584811010776475,
      0.46101388501891294,
      0.4602638523969227,
      0.9151263813042168
    ],
    "dataset": "bank-marketing",
    "model": "tabdpt",
    "layer_names": [
      "layer_0",
      "layer_1",
      "layer_2",
      "layer_3",
      "layer_4",
      "layer_5",
      "layer_6",
      "layer_7",
      "layer_8",
      "layer_9",
      "layer_10",
      "layer_11",
      "layer_12",
      "layer_13",
      "layer_14",
      "layer_15",
      "input_encoder"
    ]
  },
  "Bank_Customer_Churn": {
    "n_layers": 17,
    "critical_layer": 14,
    "critical_depth_frac": 0.8235294117647058,
    "half_cka_layer": 14,
    "half_cka_depth_frac": 0.8235294117647058,
    "final_cka": 0.9772303422854681,
    "l0_cka_profile": [
      0.9999999999996909,
      0.936755741732264,
      0.8460929021633721,
      0.8814244279452471,
      0.8977422755107831,
      0.8808534569691743,
      0.8633402983885591,
      0.8486276649351367,
      0.7731318627281685,
      0.7113442809234212,
      0.5894272502263541,
      0.5850487646993571,
      0.5241054070104038,
      0.5166516787048836,
      0.4061034569322054,
      0.39961822183713547,
      0.9772303422854681
    ],
    "dataset": "Bank_Customer_Churn",
    "model": "tabdpt",
    "layer_names": [
      "layer_0",
      "layer_1",
      "layer_2",
      "layer_3",
      "layer_4",
      "layer_5",
      "layer_6",
      "layer_7",
      "layer_8",
      "layer_9",
      "layer_10",
      "layer_11",
      "layer_12",
      "layer_13",
      "layer_14",
      "layer_15",
      "input_encoder"
    ]
  },
  "Bioresponse": {
    "n_layers": 17,
    "critical_layer": 14,
    "critical_depth_frac": 0.8235294117647058,
    "half_cka_layer": 14,
    "half_cka_depth_frac": 0.8235294117647058,
    "final_cka": 0.5865985850424433,