{
  "APSFailure": {
    "n_layers": 3,
    "critical_layer": 2,
    "critical_depth_frac": 0.6666666666666666,
    "half_cka_layer": 2,
    "half_cka_depth_frac": 0.6666666666666666,
    "final_cka": 0.9969746456710517,
    "l0_cka_profile": [
      1.0,
      0.9994718722699616,
      0.9969746456710517
    ],
    "dataset": "APSFailure",
    "model": "hyperfast"
  },
  "Amazon_employee_access": {
    "n_layers": 3,
    "critical_layer": 2,
    "critical_depth_frac": 0.6666666666666666,
    "half_cka_layer": 2,
    "half_cka_depth_frac": 0.6666666666666666,
    "final_cka": 0.9881671806883732,
    "l0_cka_profile": [
      1.0,
      0.998532301801141,
      0.9881671806883732
    ],
    "dataset": "Amazon_employee_access",
    "model": "hyperfast"
  },
  "Bank_Customer_Churn": {
    "n_layers": 3,
    "critical_layer": 2,
    "critical_depth_frac": 0.6666666666666666,
    "half_cka_layer": 2,
    "half_cka_depth_frac": 0.6666666666666666,
    "final_cka": 0.7947098341451337,
    "l0_cka_profile": [
      1.0,
      0.9764650146973631,
      0.7947098341451337
    ],
    "dataset": "Bank_Customer_Churn",
    "model": "hyperfast"
  },
  "Bioresponse": {
    "n_layers": 3,
    "critical_layer": 2,
    "critical_depth_frac": 0.6666666666666666,
    "half_cka_layer": 2,
    "half_cka_depth_frac": 0.6666666666666666,
    "final_cka": 0.9811083567283758,
    "l0_cka_profile": [
      1.0,
      0.9883046778651601,
      0.9811083567283758
    ],
    "dataset": "Bioresponse",
    "model": "hyperfast"
  },
  "Diabetes130US": {
    "n_layers": 3,
    "critical_layer": 2,
    "critical_depth_frac": 0.6666666666666666,
    "half_cka_layer": 2,
    "half_cka_depth_frac": 0.6666666666666666,
    "final_cka": 0.871432317184663,
    "l0_cka_profile": [
      1.0,
      0.9891047345173757,
      0.871432317184663
    ],
    "dataset": "Diabetes130US",
    "model": "hyperfast"
  },
  "E-CommereShippingData": {
    "n_layers": 3,
    "critical_layer": 2,
    "critical_depth_frac": 0.6666666666666666,
    "half_cka_layer": 2,
    "half_cka_depth_frac": 0.6666666666666666,
    "final_cka": 0.7619534069241696,
    "l0_cka_profile": [
      1.0,
      0.9800044461923311,
      0.7619534069241696
    ],
    "dataset": "E-CommereShippingData",
    "model": "hyperfast"
  },
  "Fitness_Club": {
    "n_layers": 3,
    "critical_layer": 2,
    "critical_depth_frac": 0.6666666666666666,
    "half_cka_layer": 2,
    "half_cka_depth_frac": 0.6666666666666666,
    "final_cka": 0.6990780268246287,
    "l0_cka_profile": [
      1.0,
      0.9452620885463773,
      0.6990780268246287
    ],
    "dataset": "Fitness_Club",
    "model": "hyperfast"
  },
  "GiveMeSomeCredit": {
    "n_layers": 3,
    "critical_layer": 2,
    "critical_depth_frac": 0.6666666666666666,
    "half_cka_layer": 2,
    "half_cka_depth_frac": 0.6666666666666666,
    "final_cka": 0.9997857369825609,
    "l0_cka_profile": [
      1.0,
      0.9999384265426919,
      0.9997857369825609
    ],
    "dataset": "GiveMeSomeCredit",
    "model": "hyperfast"
  },
  "HR_Analytics_Job_Change_of_Data_Scientists": {
    "n_layers": 3,
    "critical_layer": 2,
    "critical_depth_frac": 0.6666666666666666,
    "half_cka_layer": 2,
    "half_cka_depth_frac": 0.6666666666666666,
    "final_cka": 0.7886719815831702,
    "l0_cka_profile": [
      1.0,
      0.9723938383252735,
      0.7886719815831702
    ],
    "dataset": "HR_Analytics_Job_Change_of_Data_Scientists",
    "model": "hyperfast"
  },
  "Is-this-a-good-customer": {
    "n_layers": 3,
    "critical_layer": 2,
    "critical_depth_frac": 0.6666666666666666,
    "half_cka_layer": 2,
    "half_cka_depth_frac": 0.6666666666666666,
    "final_cka": 0.9001363560076836,
    "l0_cka_profile": [
      1.0,
      0.9765200343078175,
      0.9001363560076836
    ],
    "dataset": "Is-this-a-good-customer",
    "model": "hyperfast"
  },
  "MIC": {
    "n_layers": 3,
    "critical_layer": 2,
    "critical_depth_frac": 0.6666666666666666,
    "half_cka_layer": 2,
    "half_cka_depth_frac": 0.6666666666666666,
    "final_cka": 0.9892338696745997,
    "l0_cka_profile": [
      1.0,
      0.9992064787631123,
      0.9892338696745997
    ],
    "dataset": "MIC",
    "model": "hyperfast"
  },
  "Marketing_Campaign": {
    "n_layers": 3,
    "critical_layer": 2,
    "critical_depth_frac": 0.6666666666666666,
    "half_cka_layer": 2,
    "half_cka_depth_frac": 0.6666666666666666,
    "final_cka": 0.8776987250236995,
    "l0_cka_profile": [
      1.0,
      0.9801809991385214,
      0.8776987250236995
    ],
    "dataset": "Marketing_Campaign",
    "model": "hyperfast"
  },
  "NATICUSdroid": {
    "n_layers": 3,
    "critical_layer": 2,
    "critical_depth_frac": 0.6666666666666666,
    "half_cka_layer": 2,
    "half_cka_depth_frac": 0.6666666666666666,
    "final_cka": 0.9920057365382219,
    "l0_cka_profile": [
      1.0,
      0.9995645133043297,
      0.9920057365382219
    ],
    "dataset": "NATICUSdroid",
    "model": "hyperfast"
  },
  "SDSS17": {
    "n_layers": 3,
    "critical_layer": 2,
    "critical_depth_frac": 0.6666666666666666,
    "half_cka_layer": 2,
    "half_cka_depth_frac": 0.6666666666666666,
    "final_cka": 0.9989241787197033,
    "l0_cka_profile": [
      1.0,
      0.9997538903399436,
      0.9989241787197033
    ],
    "dataset": "SDSS17",
    "model": "hyperfast"
  },
  "anneal": {
    "n_layers": 3,
    "critical_layer": 2,
    "critical_depth_frac": 0.6666666666666666,
    "half_cka_layer": 2,
    "half_cka_depth_frac": 0.6666666666666666,
    "final_cka": 0.9494768124586902,
    "l0_cka_profile": [
      1.0,
      0.9964934432160089,
      0.9494768124586902
    ],
    "dataset": "anneal",
    "model": "hyperfast"
  },
  "bank-marketing": {
    "n_layers": 3,
    "critical_layer": 2,
    "critical_depth_frac": 0.6666666666666666,
    "half_cka_layer": 2,
    "half_cka_depth_frac": 0.6666666666666666,
    "final_cka": 0.855056147747844,
    "l0_cka_profile": [
      1.0,
      0.9760521519675133,
      0.855056147747844
    ],
    "dataset": "bank-marketing",
    "model": "hyperfast"
  },
  "blood-transfusion-service-center": {
    "n_layers": 3,
    "critical_layer": 2,
    "critical_depth_frac": 0.6666666666666666,
    "half_cka_layer": 2,
    "half_cka_depth_frac": 0.6666666666666666,
    "final_cka": 0.8499338253693827,
    "l0_cka_profile": [
      1.0,
      0.930552844099318,
      0.8499338253693827
    ],
    "dataset": "blood-transfusion-service-center",
    "model": "hyperfast"
  },
  "churn": {
    "n_layers": 3,
    "critical_layer": 2,
    "critical_depth_frac": 0.6666666666666666,
    "half_cka_layer": 2,
    "half_cka_depth_frac": 0.6666666666666666,
    "final_cka": 0.8348878821159255,
    "l0_cka_profile": [
      1.0,
      0.9965254964203694,
      0.8348878821159255
    ],
    "dataset": "churn",
    "model": "hyperfast"
  },
  "coil2000_insurance_policies": {
    "n_layers": 3,
    "critical_layer": 2,
    "critical_depth_frac": 0.6666666666666666,
    "half_cka_layer": 2,
    "half_cka_depth_frac": 0.6666666666666666,
    "final_cka": 0.9369944268694814,
    "l0_cka_profile": [
      1.0,
      0.9961048264196267,
      0.9369944268694814
    ],
    "dataset": "coil2000_insurance_policies",
    "model": "hyperfast"
  },
  "credit-g": {
    "n_layers": 3,
    "critical_layer": 2,
    "critical_depth_frac": 0.6666666666666666,
    "half_cka_layer": 2,
    "half_cka_depth_frac": 0.6666666666666666,
    "final_cka": 0.7981928898185288,
    "l0_cka_profile": [
      1.0,
      0.9883323086860835,
      0.7981928898185288
    ],
    "dataset": "credit-g",
    "model": "hyperfast"
  },
  "credit_card_clients_default": {
    "n_layers": 3,
    "critical_layer": 2,
    "critical_depth_frac": 0.6666666666666666,
    "half_cka_layer": 2,
    "half_cka_depth_frac": 0.6666666666666666,
    "final_cka": 0.851938266620465,
    "l0_cka_profile": [
      1.0,
      0.9795795538361116,
      0.851938266620465
    ],