{
  "Amazon_employee_access": {
    "n_layers": 13,
    "critical_layer": 12,
    "critical_depth_frac": 0.9230769230769231,
    "half_cka_layer": 12,
    "half_cka_depth_frac": 0.9230769230769231,
    "final_cka": 0.0067202657885490555,
    "l0_cka_profile": [
      0.9999999999962396,
      0.9988370591170296,
      0.9929037325280599,
      0.9841746017948002,
      0.9660368530529013,
      0.8965378594734699,
      0.8340984732208032,
      0.742339946253042,
      0.7779524188134406,
      0.7220999558358665,
      0.8735605710402132,
      0.8794639781809143,
      0.0067202657885490555
    ],
    "dataset": "Amazon_employee_access",
    "model": "mitra",
    "layer_names": [
      "layer_0",
      "layer_1",
      "layer_2",
      "layer_3",
      "layer_4",
      "layer_5",
      "layer_6",
      "layer_7",
      "layer_8",
      "layer_9",
      "layer_10",
      "layer_11",
      "final_norm"
    ]
  },
  "anneal": {
    "n_layers": 13,
    "critical_layer": 12,
    "critical_depth_frac": 0.9230769230769231,
    "half_cka_layer": 12,
    "half_cka_depth_frac": 0.9230769230769231,
    "final_cka": 0.006910583820385659,
    "l0_cka_profile": [
      0.9999999999994674,
      0.9933174035384285,
      0.9895828661999243,
      0.9885058663104863,
      0.9860953358261315,
      0.9758154096971429,
      0.9658812621126138,
      0.9415621891063999,
      0.9165836035578968,
      0.905381280491235,
      0.8524724531260083,
      0.8351592540984102,
      0.006910583820385659
    ],
    "dataset": "anneal",
    "model": "mitra",
    "layer_names": [
      "layer_0",
      "layer_1",
      "layer_2",
      "layer_3",
      "layer_4",
      "layer_5",
      "layer_6",
      "layer_7",
      "layer_8",
      "layer_9",
      "layer_10",
      "layer_11",
      "final_norm"
    ]
  },
  "APSFailure": {
    "n_layers": 13,
    "critical_layer": 5,
    "critical_depth_frac": 0.38461538461538464,
    "half_cka_layer": 5,
    "half_cka_depth_frac": 0.38461538461538464,
    "final_cka": 0.001185551048697531,
    "l0_cka_profile": [
      0.9999999998694037,
      0.9292247452495487,
      0.8260652006554915,
      0.7764545707456689,
      0.6494018281721218,
      0.4131934086331017,
      0.3396048367327166,
      0.2673096406084885,
      0.25976985034950784,
      0.26810706056479733,
      0.252847638572082,
      0.21509722285150984,
      0.001185551048697531
    ],
    "dataset": "APSFailure",
    "model": "mitra",
    "layer_names": [
      "layer_0",
      "layer_1",
      "layer_2",
      "layer_3",
      "layer_4",
      "layer_5",
      "layer_6",
      "layer_7",
      "layer_8",
      "layer_9",
      "layer_10",
      "layer_11",
      "final_norm"
    ]
  },
  "bank-marketing": {
    "n_layers": 13,
    "critical_layer": 12,
    "critical_depth_frac": 0.9230769230769231,
    "half_cka_layer": 12,
    "half_cka_depth_frac": 0.9230769230769231,
    "final_cka": 0.003535480207704428,
    "l0_cka_profile": [
      0.9999999999992704,
      0.9997547926752152,
      0.9943517341527255,
      0.991024177033163,
      0.9792426534810119,
      0.9237657183963008,
      0.8576596923898612,
      0.7660652897990358,
      0.7125496266807277,
      0.6864735372859728,
      0.666039074561708,
      0.6606033817836285,
      0.003535480207704428
    ],
    "dataset": "bank-marketing",
    "model": "mitra",
    "layer_names": [
      "layer_0",
      "layer_1",
      "layer_2",
      "layer_3",
      "layer_4",
      "layer_5",
      "layer_6",
      "layer_7",
      "layer_8",
      "layer_9",
      "layer_10",
      "layer_11",
      "final_norm"
    ]
  },
  "Bank_Customer_Churn": {
    "n_layers": 13,
    "critical_layer": 12,
    "critical_depth_frac": 0.9230769230769231,
    "half_cka_layer": 12,
    "half_cka_depth_frac": 0.9230769230769231,
    "final_cka": 0.0018764584821574402,
    "l0_cka_profile": [
      0.9999999999995159,
      0.9999198424429729,
      0.9967740256288882,
      0.995230263032457,
      0.9899230108437466,
      0.9595192038044033,
      0.9270816535122285,
      0.8618115296564336,
      0.8031782258330004,
      0.7436989500506331,
      0.7673204505763661,
      0.790431673189943,
      0.0018764584821574402
    ],
    "dataset": "Bank_Customer_Churn",
    "model": "mitra",
    "layer_names": [
      "layer_0",
      "layer_1",
      "layer_2",
      "layer_3",
      "layer_4",
      "layer_5",
      "layer_6",
      "layer_7",
      "layer_8",
      "layer_9",
      "layer_10",
      "layer_11",
      "final_norm"
    ]
  },
  "blood-transfusion-service-center": {
    "n_layers": 13,
    "critical_layer": 12,
    "critical_depth_frac": 0.9230769230769231,
    "half_cka_layer": 12,
    "half_cka_depth_frac": 0.9230769230769231,
    "final_cka": 0.0009445231613600799,
    "l0_cka_profile": [
      0.9999999999997491,
      0.9991960222157882,
      0.9960554905915094,
      0.993648186410621,
      0.9909236060744233,
      0.9601389685442716,
      0.9657924089614579,
      0.9428446473701826,
      0.9531282294632003,
      0.9582338727108707,
      0.9842586161816257,
      0.9838071172312883,
      0.0009445231613600799
    ],
    "dataset": "blood-transfusion-service-center",
    "model": "mitra",
    "layer_names": [
      "layer_0",
      "layer_1",
      "layer_2",
      "layer_3",
      "layer_4",
      "layer_5",
      "layer_6",
      "layer_7",
      "layer_8",
      "layer_9",
      "layer_10",
      "layer_11",
      "final_norm"
    ]
  },
  "churn": {
    "n_layers": 13,
    "critical_layer": 12,
    "critical_depth_frac": 0.9230769230769231,
    "half_cka_layer": 12,
    "half_cka_depth_frac": 0.9230769230769231,
    "final_cka": 0.0017865708651567003,
    "l0_cka_profile": [
      0.999999999999318,
      0.9998093438173268,
      0.9953500957875195,
      0.9938800671025375,
      0.987556868704072,
      0.9551831509995422,
      0.9324484071367419,
      0.8682200921344825,
      0.8616195415291473,
      0.8098126848231468,
      0.7696438240042981,
      0.8047161981106097,
      0.0017865708651567003
    ],
    "dataset": "churn",
    "model": "mitra",
    "layer_names": [
      "layer_0",
      "layer_1",
      "layer_2",
      "layer_3",
      "layer_4",
      "layer_5",
      "layer_6",
      "layer_7",
      "layer_8",
      "layer_9",
      "layer_10",
      "layer_11",
      "final_norm"
    ]
  },
  "coil2000_insurance_policies": {
    "n_layers": 13,
    "critical_layer": 12,
    "critical_depth_frac": 0.9230769230769231,
    "half_cka_layer": 12,
    "half_cka_depth_frac": 0.9230769230769231,
    "final_cka": 0.0014397990743119605,
    "l0_cka_profile": [
      0.9999999999960265,
      0.9997660713058043,
      0.9989488114962621,
      0.9979588482238264,
      0.9918639758510817,
      0.9849444535447763,
      0.9823262670761291,
      0.9717775820292226,
      0.9616787659625889,
      0.9694925662139621,
      0.9924348798862074,
      0.9890315878859658,
      0.0014397990743119605
    ],
    "dataset": "coil2000_insurance_policies",
    "model": "mitra",
    "layer_names": [
      "layer_0",
      "layer_1",
      "layer_2",
      "layer_3",
      "layer_4",
      "layer_5",
      "layer_6",
      "layer_7",
      "layer_8",
      "layer_9",
      "layer_10",
      "layer_11",
      "final_norm"
    ]
  },
  "credit-g": {
    "n_layers": 13,
    "critical_layer": 12,
    "critical_depth_frac": 0.9230769230769231,
    "half_cka_layer": 12,
    "half_cka_depth_frac": 0.9230769230769231,
    "final_cka": 0.004806708592239582,
    "l0_cka_profile": [
      0.999999999999716,
      0.9999023976552635,
      0.9989658083771631,
      0.9980380807523355,
      0.9950520531902773,
      0.982686165041573,
      0.9629017216230381,
      0.9227275698971649,
      0.9041889937943351,
      0.8755475452820284,
      0.890960456724241,
      0.902811048834903,
      0.004806708592239582
    ],
    "dataset": "credit-g",
    "model": "mitra",