donor,feat,dataset,recipient,n_rows,row,a_start,a_final,suppression_frac,n_cols_changed,n_suppressors,n_repairs,ablate_x1e3,patch_x1e3,patch_columns
mitra,107,Marketing_Campaign,tabdpt,4,137,2.9276421070098877,0.0,1.0,5,2,3,-2.4968981742858887,-3.7695765495300293,Recency|Dt_Customer|MntGoldProds|MntSweetProducts|MntWines
mitra,107,online_shoppers_intention,tabicl,4,147,2.7798690795898438,0.0,1.0,5,5,0,-52.73997783660889,-52.73997783660889,Administrative|Informational|Region|Browser|Informational_Duration
mitra,107,splice,tabdpt,4,46,3.5106663703918457,2.034348964691162,0.4205234134897026,15,15,0,-10.164976119995117,-2.8974413871765137,position_21|position_-5|position_-6|position_18|position_-27|position_22|position_14|position_27|position_-7|position_11|position_-29|position_-25|position_20|position_-24|position_23
mitra,115,Diabetes130US,tabdpt,9,150,7.080696105957031,0.0,1.0,8,2,6,-8.573241531848907,-8.573241531848907,number_emergency|insulin|race|discharge_disposition_id|payer_code|diag_1|diag_2|diag_3
mitra,115,Marketing_Campaign,tabdpt,7,186,3.1460704803466797,0.0,1.0,4,1,3,3.6753416061401367,3.6753416061401367,Dt_Customer|Recency|Year_Birth|MntWines
mitra,20,Diabetes130US,tabdpt,2,86,4.208683013916016,0.0,1.0,6,6,0,-1.2890100479125977,-6.6127777099609375,number_diagnoses|time_in_hospital|diag_3|payer_code|diag_2|diabetesMed
mitra,20,Amazon_employee_access,tabpfn,5,136,1.3137378692626953,0.0,1.0,1,1,0,-0.5170702934265137,-0.4019737243652344,RESOURCE
mitra,25,bank-marketing,tabicl,8,100,8.42978572845459,0.0,1.0,3,1,2,9.050190448760986,9.050190448760986,previous|balance|job
mitra,25,Marketing_Campaign,tabicl,2,188,7.504676818847656,0.0,1.0,3,3,0,-18.13971996307373,-18.13971996307373,MntFishProducts|AcceptedCmp5|MntGoldProds
mitra,25,credit-g,tabdpt,1,35,6.360034465789795,0.0,1.0,5,2,3,-14.555126428604126,-14.555126428604126,duration_months|other_debtors|existing_credits_count|property|credit_purpose
mitra,36,Diabetes130US,tabdpt,13,124,12.255191802978516,0.0,1.0,2,2,0,-11.341094970703125,-11.341094970703125,num_medications|change
mitra,36,in_vehicle_coupon_recommendation,tabdpt,10,38,3.004814386367798,0.0,1.0,2,2,0,-81.50225877761841,-81.50225877761841,RestaurantLessThan20|destination
mitra,36,bank-marketing,tabicl,4,110,14.747455596923828,0.0,1.0,7,6,1,-68.54066252708435,-68.54066252708435,poutcome|contact|default|age|pdays|loan|balance
mitra,52,splice,tabdpt,7,179,1.5045198202133179,0.0,1.0,3,3,0,-1.742720603942871,-1.6474127769470215,position_28|position_18|position_-8
mitra,52,anneal,tabdpt,6,19,4.783343315124512,0.0,1.0,2,2,0,-0.18912553787231445,-0.8541345596313477,ferro|formability
mitra,52,coil2000_insurance_policies,tabicl,8,197,3.5342156887054443,0.0,1.0,6,5,1,-4.555292427539825,-4.623241722583771,highLevelEducation|socialClassA|householdWithoutChildren|middleManagement|noReligion|unskilledLabourers
mitra,535,online_shoppers_intention,tabpfn,10,180,6.610957145690918,4.899097442626953,0.25894279229744677,5,5,0,9.6321702003479,3.41796875,ProductRelated_Duration|Administrative_Duration|BounceRates|ExitRates|Region
mitra,535,Is-this-a-good-customer,tabdpt,3,101,3.2525532245635986,0.0,1.0,2,2,0,-9.048491716384888,-9.048491716384888,education|sex
mitra,535,bank-marketing,tabicl,7,158,4.899415493011475,0.0,1.0,2,2,0,-3.0761808156967163,-3.0761808156967163,job|balance
mitra,70,online_shoppers_intention,tabdpt,6,123,1.6297008991241455,0.0,1.0,6,1,5,-93.11529994010925,-93.11529994010925,PageValues|ProductRelated_Duration|Administrative_Duration|Informational_Duration|ProductRelated|BounceRates
mitra,70,GiveMeSomeCredit,tabpfn,5,114,6.901310920715332,3.761773109436035,0.4549190505032164,3,3,0,-35.93850135803223,-16.214728355407715,NumberOfOpenCreditLinesAndLoans|RevolvingUtilizationOfUnsecuredLines|MonthlyIncome
mitra,70,MIC,tabdpt,4,85,12.321377754211426,11.834311485290527,0.03953017906251759,4,4,0,-21.52368426322937,-0.63372403383255,S_AD_ORIT|NA_R_3_n|post_im|ALT_BLOOD
tabdpt,10,jm1,mitra,9,54,6.762419700622559,3.155272960662842,0.5334106576714897,8,8,0,-5.002498626708984,-2.6819705963134766,locCodeAndComment|d|i|lOComment|total_Opnd|l|total_Op|b
tabdpt,10,credit_card_clients_default,tabpfn,4,15,1.5457007884979248,0.0,1.0,4,1,3,-4.655182361602783,-4.598557949066162,PAY_AMT2|PAY_AMT1|PAY_AMT3|PAY_AMT4
tabdpt,10,SDSS17,mitra,3,175,8.203348159790039,0.0,1.0,2,2,0,-401.67558193206787,-401.67558193206787,g|redshift
tabdpt,100,hazelnut-spread-contaminant-detection,mitra,6,176,3.098287582397461,0.0,1.0,1,1,0,-50.501346588134766,-50.501346588134766,s14
tabdpt,100,students_dropout_and_academic_success,mitra,5,129,2.238166093826294,0.0,1.0,1,1,0,-10.381221771240234,-10.381221771240234,Curricular_units_2nd_sem_evaluations
tabdpt,100,Marketing_Campaign,tabicl,2,177,2.1762778759002686,0.0,1.0,2,2,0,-44.56436634063721,-44.56436634063721,NumWebVisitsMonth|MntGoldProds
tabdpt,107,seismic-bumps,mitra,11,106,2.742581605911255,0.0,1.0,5,1,4,-6.502032279968262,-6.502032279968262,shift|gdpuls|energy|maxenergy|gpuls
tabdpt,107,Amazon_employee_access,mitra,2,3,6.429645538330078,1.3610649108886719,0.7883141609012912,6,6,0,-22.99267053604126,-27.61232852935791,ROLE_DEPTNAME|ROLE_ROLLUP_2|MGR_ID|ROLE_TITLE|ROLE_FAMILY_DESC|ROLE_FAMILY
tabdpt,107,students_dropout_and_academic_success,mitra,1,149,4.813555717468262,4.506593704223633,0.063770325152916,3,3,0,4.8812031745910645,0.5168914794921875,Curricular_units_1st_sem_evaluations|Curricular_units_1st_sem_grade|GDP
tabdpt,11,students_dropout_and_academic_success,mitra,8,116,2.014721393585205,0.0,1.0,2,2,0,-41.31418466567993,-41.31418466567993,Curricular_units_1st_sem_grade|Curricular_units_2nd_sem_enrolled
tabdpt,119,jm1,mitra,22,0,15.222190856933594,9.498357772827148,0.37601900658729964,4,4,0,-34.63459014892578,-10.948121547698975,v(g)|v|d|t
tabdpt,119,seismic-bumps,tabicl,12,167,6.776772975921631,0.0,1.0,3,3,0,-18.88066530227661,-18.88066530227661,seismoacoustic|genergy|gpuls
tabdpt,119,polish_companies_bankruptcy,tabicl,3,179,2.9923996925354004,0.0,1.0,12,2,10,-29.54733371734619,-29.60515022277832,operating_expenses_to_short_term_liabilities|inventory_days_ratio|gross_profit_to_total_assets|operating_expenses_to_total_liabilities|extended_profit_to_total_assets|retained_earnings_to_total_assets|ebitda_to_sales|gross_margin|sales_profit_to_total_assets|working_capital_to_total_assets|receivables_days_ratio|current_assets_to_total_liabilities
tabdpt,124,hazelnut-spread-contaminant-detection,mitra,8,130,1.8749353885650635,0.0,1.0,3,3,0,-0.43576955795288086,-0.45669078826904297,s23|s46|s56
tabdpt,124,E-CommereShippingData,mitra,4,188,4.3367695808410645,2.537851572036743,0.41480599217250613,2,2,0,-19.738495349884033,-7.9326629638671875,Warehouse_block|Weight_in_gms
tabdpt,124,maternal_health_risk,tabicl,3,70,3.716949701309204,0.0,1.0,1,1,0,-32.926201820373535,-32.926201820373535,SystolicBP
tabdpt,127,students_dropout_and_academic_success,tabicl,12,6,11.262365341186523,5.807112216949463,0.4843789878034922,6,6,0,-84.21361446380615,-33.084750175476074,Curricular_units_1st_sem_evaluations|Curricular_units_2nd_sem_grade|Application_order|Curricular_units_2nd_sem_without_evaluations|Fathers_occupation|Inflation_rate
tabdpt,127,bank-marketing,tabpfn,11,113,2.0227909088134766,0.0,1.0,1,1,0,-1.0328888893127441,-0.9199380874633789,balance
tabdpt,129,HR_Analytics_Job_Change_of_Data_Scientists,mitra,2,92,4.872137546539307,2.6214003562927246,0.46196092962221214,3,3,0,5.883574485778809,2.720654010772705,company_type|training_hours|city_development_index
tabdpt,129,maternal_health_risk,tabicl,4,65,1.7772488594055176,0.0,1.0,1,1,0,-2.9733777046203613,-2.3758411407470703,Age
tabdpt,129,customer_satisfaction_in_airline,mitra,1,174,5.326598167419434,2.8291919231414795,0.4688557623050187,4,4,0,-1.4545917510986328,-1.094520092010498,ArrivalDelayinMinutes|Onboardservice|Legroomservice|FlightDistance
tabdpt,141,Amazon_employee_access,mitra,18,116,8.121715545654297,0.0,1.0,3,2,1,-8.383035659790039,-8.319258689880371,ROLE_ROLLUP_1|RESOURCE|ROLE_DEPTNAME
tabdpt,141,HR_Analytics_Job_Change_of_Data_Scientists,tabicl,3,50,3.036912441253662,0.0,1.0,2,1,1,-29.934048652648926,-29.47402000427246,city|city_development_index
tabdpt,141,seismic-bumps,mitra,3,0,1.932592511177063,0.0,1.0,2,2,0,-2.0931363105773926,-2.270340919494629,gpuls|gdpuls
tabdpt,145,jm1,mitra,11,79,5.217811107635498,0.0,1.0,8,1,7,-34.13271903991699,-33.30683708190918,total_Op|lOBlank|loc|d|e|branchCount|t|b
tabdpt,145,seismic-bumps,mitra,9,26,2.168652057647705,0.0,1.0,1,1,0,-1.7029643058776855,-1.7434358596801758,gdenergy
tabdpt,145,GiveMeSomeCredit,mitra,4,105,2.460949182510376,0.0,1.0,4,1,3,-4.1928887367248535,-4.1928887367248535,DebtRatio|MonthlyIncome|RevolvingUtilizationOfUnsecuredLines|NumberOfOpenCreditLinesAndLoans
tabdpt,151,Marketing_Campaign,tabicl,7,39,6.604811668395996,3.2377095222473145,0.5097953303135433,5,5,0,-3.2105445861816406,-1.5167593955993652,NumCatalogPurchases|NumWebVisitsMonth|AcceptedCmp3|MntFishProducts|MntFruits
tabdpt,151,credit_card_clients_default,tabpfn,5,0,1.6590263843536377,0.0,1.0,3,1,2,-9.968042373657227,-9.968042373657227,PAY_2|LIMIT_BAL|PAY_AMT2
tabdpt,151,jm1,tabicl,4,73,1.6166367530822754,0.0,1.0,4,2,2,-7.757663726806641,-7.757663726806641,n|i|d|e
tabdpt,152,E-CommereShippingData,mitra,5,61,2.7287375926971436,0.0,1.0,2,2,0,28.735041618347168,25.852560997009277,Customer_rating|Gender
tabdpt,156,credit_card_clients_default,tabpfn,14,59,8.686959266662598,0.0,1.0,12,12,0,-14.86271619796753,-14.86271619796753,BILL_AMT4|PAY_6|MARRIAGE|PAY_AMT1|PAY_AMT5|AGE|PAY_0|PAY_AMT3|BILL_AMT6|BILL_AMT5|SEX|PAY_3
tabdpt,156,Marketing_Campaign,tabicl,5,80,4.574832916259766,0.0,1.0,4,1,3,-4.246830940246582,-4.246830940246582,AcceptedCmp1|NumWebPurchases|MntGoldProds|MntSweetProducts
tabdpt,156,jm1,tabpfn,5,118,8.154296875,1.9843275547027588,0.7566525250280689,4,4,0,-45.88723182678223,-33.683180809020996,lOComment|lOCode|t|v
tabdpt,160,seismic-bumps,mitra,19,78,7.295909881591797,0.0,1.0,4,1,3,-5.610287189483643,-5.610644817352295,genergy|gdenergy|gpuls|energy
tabdpt,160,E-CommereShippingData,tabicl,14,7,2.2112553119659424,0.0,1.0,3,1,2,-9.41377878189087,-9.41377878189087,Prior_purchases|Cost_of_the_Product|Weight_in_gms
tabdpt,160,Amazon_employee_access,mitra,12,114,2.7819833755493164,0.0,1.0,1,1,0,-1.2669563293457031,-2.0070672035217285,RESOURCE
tabdpt,161,students_dropout_and_academic_success,mitra,1,133,1.629530668258667,0.0,1.0,2,2,0,-0.6031394004821777,0.2963542938232422,Curricular_units_1st_sem_approved|Gender
tabdpt,161,E-CommereShippingData,tabicl,1,5,2.481207847595215,0.0,1.0,3,3,0,-6.109118461608887,-8.949756622314453,Warehouse_block|Mode_of_Shipment|Gender
tabdpt,161,seismic-bumps,tabicl,1,45,2.217776298522949,0.0,1.0,2,2,0,-0.4646778106689453,-0.6401538848876953,gdpuls|seismoacoustic
tabdpt,162,hazelnut-spread-contaminant-detection,mitra,6,96,2.845701217651367,0.0,1.0,6,3,3,283.79786014556885,283.796489238739,s32|s51|s16|s43|s35|s36
tabdpt,162,customer_satisfaction_in_airline,tabicl,5,187,1.7511144876480103,0.0,1.0,4,2,2,-32.26804733276367,-24.92910623550415,DepartureArrivaltimeconvenient|Onlineboarding|Age|ArrivalDelayinMinutes
tabdpt,162,students_dropout_and_academic_success,mitra,3,171,2.546729326248169,0.0,1.0,7,2,5,-5.532979965209961,-5.759000778198242,Fathers_occupation|Fathers_qualification|Curricular_units_1st_sem_grade|Previous_qualification_grade|Nationality|Admission_grade|Inflation_rate
tabdpt,164,Amazon_employee_access,mitra,9,156,6.713437557220459,0.0,1.0,2,2,0,-3.918945789337158,-3.0336380004882812,MGR_ID|ROLE_TITLE
tabdpt,164,blood-transfusion-service-center,tabicl,5,55,5.269003391265869,0.0,1.0,2,2,0,-19.694805145263672,-19.538581371307373,MonthsSinceFirstDonation|MonthsSinceLastDonation
tabdpt,165,Amazon_employee_access,mitra,16,163,3.708927631378174,0.0,1.0,3,1,2,-7.671952247619629,-7.665693759918213,ROLE_FAMILY|ROLE_TITLE|RESOURCE
tabdpt,165,seismic-bumps,mitra,3,167,3.143662929534912,0.0,1.0,1,1,0,-2.9143691062927246,-11.544525623321533,genergy
tabdpt,175,Amazon_employee_access,mitra,18,76,1.9984242916107178,0.0,1.0,1,1,0,-5.436301231384277,-5.875229835510254,ROLE_DEPTNAME
tabdpt,175,SDSS17,mitra,2,95,1.4993321895599365,0.0,1.0,3,2,1,-14.479219913482666,-14.479219913482666,g|z|r
tabdpt,175,website_phishing,tabpfn,2,44,1.251420021057129,0.0,1.0,1,1,0,-5.272328853607178,-3.534674644470215,having_IP_Address
tabdpt,176,bank-marketing,tabpfn,6,45,1.5504566431045532,0.0,1.0,1,1,0,-0.044465065002441406,0.16307830810546875,age
tabdpt,176,Bank_Customer_Churn,mitra,5,167,3.577768325805664,0.0,1.0,3,3,0,-50.465717911720276,-50.465717911720276,credit_score|active_member|age
tabdpt,176,E-CommereShippingData,mitra,2,93,2.686532735824585,2.260507822036743,0.1585779723086385,3,3,0,-84.88474786281586,-11.364549398422241,Discount_offered|Warehouse_block|Cost_of_the_Product
tabdpt,177,Amazon_employee_access,tabpfn,14,189,1.8132667541503906,0.0,1.0,1,1,0,-2.441287040710449,-2.011537551879883,RESOURCE
tabdpt,177,E-CommereShippingData,mitra,13,103,3.0801196098327637,1.4236570596694946,0.5377916314922612,2,2,0,-56.46711587905884,-30.180752277374268,Customer_care_calls|Weight_in_gms
tabdpt,177,seismic-bumps,mitra,13,186,4.406799793243408,0.0,1.0,4,1,3,-4.103541374206543,-4.103541374206543,energy|gpuls|gdenergy|genergy
tabdpt,18,GiveMeSomeCredit,mitra,5,64,0.9463129639625549,0.0,1.0,1,1,0,0.10132789611816406,0.14215707778930664,age
tabdpt,18,maternal_health_risk,mitra,7,61,2.143568277359009,1.3657469749450684,0.36286285378894395,1,1,0,-0.9288787841796875,-0.037670135498046875,HeartRate
tabdpt,184,students_dropout_and_academic_success,mitra,5,161,1.7492274045944214,0.0,1.0,5,1,4,3.1967759132385254,3.1971335411071777,Curricular_units_2nd_sem_enrolled|Curricular_units_2nd_sem_credited|GDP|Fathers_occupation|Unemployment_rate
tabdpt,184,Amazon_employee_access,mitra,3,42,2.935910701751709,1.2454805374145508,0.5757771049809397,4,4,0,-28.40423583984375,-87.5614881515503,RESOURCE|ROLE_FAMILY_DESC|ROLE_TITLE|ROLE_FAMILY
tabdpt,184,seismic-bumps,mitra,1,140,3.784557580947876,0.0,1.0,6,1,5,-19.1500186920166,-19.051015377044678,ghazard|nbumps3|gdpuls|maxenergy|nbumps2|energy
tabdpt,192,Amazon_employee_access,mitra,6,93,2.6376965045928955,0.0,1.0,1,1,0,0.605463981628418,1.8160343170166016,ROLE_TITLE
tabdpt,192,maternal_health_risk,mitra,1,4,1.6913487911224365,0.0,1.0,5,1,4,-11.15947961807251,-11.168301105499268,Age|DiastolicBP|HeartRate|BodyTemp|BS
tabdpt,22,kddcup09_appetency,mitra,23,30,2.200249433517456,0.0,1.0,6,1,5,-2.6946663856506348,-2.6946663856506348,Var123|Var6|Var57|Var28|Var7|Var113
tabdpt,22,taiwanese_bankruptcy_prediction,mitra,6,163,4.850052833557129,0.0,1.0,7,3,4,-3.2660365104675293,-3.2660365104675293,Debt_Ratio_Percent|DFL|R&D_Expense_Rate|Tax_Rate_A|Regular_Net_Profit_Growth_Rate|ROA_B_Before_Interest_Depreciation_After_Tax|Net_Profit_Before_Tax_Per_Share
tabdpt,22,polish_companies_bankruptcy,mitra,5,82,1.1379598379135132,0.0,1.0,3,1,2,-2.435922622680664,-2.4367570877075195,net_profit_to_total_assets|sales_profit_to_total_assets|long_term_liabilities_to_equity
tabdpt,239,seismic-bumps,mitra,20,92,8.986929893493652,0.0,1.0,6,1,5,-6.348967552185059,-6.348967552185059,nbumps2|seismic|energy|gdpuls|genergy|gpuls
tabdpt,239,Amazon_employee_access,mitra,17,85,2.481022357940674,0.0,1.0,4,1,3,-5.160152912139893,-5.0324201583862305,RESOURCE|MGR_ID|ROLE_FAMILY_DESC|ROLE_FAMILY
tabdpt,239,maternal_health_risk,mitra,4,84,2.109665870666504,0.9416815042495728,0.553634763996031,3,3,0,-71.18469476699829,-38.06203603744507,Age|BodyTemp|BS
tabdpt,250,GiveMeSomeCredit,mitra,3,89,1.8746298551559448,0.0,1.0,3,1,2,-0.9807944297790527,-0.9876489639282227,age|NumberOfDependents|DebtRatio
tabdpt,250,seismic-bumps,mitra,6,183,5.174304008483887,3.925562858581543,0.2413350950881286,2,2,0,2.064526081085205,0.4774332046508789,gpuls|genergy
tabdpt,250,Bank_Customer_Churn,mitra,2,144,5.6206889152526855,0.0,1.0,1,1,0,7.162034511566162,7.206559181213379,estimated_salary
tabdpt,251,GiveMeSomeCredit,mitra,5,60,1.2072505950927734,0.0,1.0,3,1,2,2.23463773727417,2.23463773727417,NumberRealEstateLoansOrLines|age|RevolvingUtilizationOfUnsecuredLines
tabdpt,251,website_phishing,mitra,1,26,7.42918062210083,0.0,1.0,2,1,1,-221.26680612564087,-156.82876110076904,Request_URL|popUpWidnow
tabdpt,272,E-CommereShippingData,mitra,3,110,2.518005847930908,1.1799259185791016,0.5314046154624031,1,1,0,-3.9987266063690186,19.851207733154297,Cost_of_the_Product
tabdpt,272,SDSS17,mitra,2,171,3.9442310333251953,0.0,1.0,3,3,0,-20.612061023712158,-20.612061023712158,g|z|alpha
tabdpt,279,Bank_Customer_Churn,mitra,2,113,2.8842906951904297,2.5488686561584473,0.1162927299912247,2,2,0,-27.05925703048706,-3.055751323699951,age|credit_score
tabdpt,279,seismic-bumps,mitra,4,168,1.328636884689331,0.0,1.0,5,1,4,-5.509078502655029,-5.493819713592529,seismic|gpuls|gdpuls|gdenergy|maxenergy
tabdpt,283,students_dropout_and_academic_success,mitra,2,84,5.2688775062561035,0.0,1.0,5,4,1,-3.2701492309570312,-3.191649913787842,Admission_grade|Curricular_units_2nd_sem_evaluations|Application_order|Unemployment_rate|Curricular_units_1st_sem_grade
tabdpt,283,Amazon_employee_access,tabpfn,11,106,1.7912192344665527,0.0,1.0,1,1,0,0.0,0.08940696716308594,ROLE_TITLE
tabdpt,283,Bank_Customer_Churn,mitra,2,112,1.2989277839660645,0.0,1.0,3,1,2,6.831645965576172,12.140661478042603,age|credit_card|balance
tabdpt,291,heloc,mitra,4,21,3.452115058898926,0.0,1.0,5,2,3,-45.19098997116089,-44.01165246963501,PercentTradesNeverDelq|NumInqLast6M|PercentTradesWBalance|MSinceMostRecentTradeOpen|NetFractionRevolvingBurden
tabdpt,291,blood-transfusion-service-center,tabicl,1,64,5.9234514236450195,0.0,1.0,2,2,0,-17.42488145828247,-18.145382404327393,MonthsSinceLastDonation|TotalBloodDonated
tabdpt,32,seismic-bumps,tabpfn,1,165,9.491364479064941,3.9491069316864014,0.5839263216161461,6,6,0,-33.02931785583496,-17.893493175506592,nbumps2|gdenergy|nbumps|gpuls|maxenergy|genergy
tabdpt,32,jm1,tabpfn,2,143,3.234637498855591,0.0,1.0,6,1,5,55.816829204559326,54.535090923309326,lOBlank|v(g)|t|iv(g)|n|total_Opnd
tabdpt,32,E-CommereShippingData,tabpfn,7,29,3.693678379058838,0.0,1.0,2,2,0,-5.538642406463623,-37.109375,Weight_in_gms|Cost_of_the_Product
tabdpt,320,HR_Analytics_Job_Change_of_Data_Scientists,tabicl,7,30,1.676539421081543,0.0,1.0,3,1,2,-1.7431974411010742,-1.7431974411010742,education_level|experience|training_hours
tabdpt,320,kddcup09_appetency,mitra,6,120,2.6622154712677,0.0,1.0,1,1,0,-8.292973041534424,-8.292973041534424,Var112
tabdpt,320,hazelnut-spread-contaminant-detection,mitra,4,80,4.539763927459717,0.0,1.0,6,2,4,-3.905653953552246,-3.9060115814208984,s45|s16|s43|s24|s56|s32
tabdpt,33,Bank_Customer_Churn,mitra,4,141,2.7444567680358887,0.0,1.0,4,2,2,38.833439350128174,38.70952129364014,estimated_salary|tenure|balance|credit_score
tabdpt,33,Amazon_employee_access,mitra,29,57,2.185279130935669,0.0,1.0,1,1,0,-1.4099478721618652,-4.16409969329834,ROLE_ROLLUP_1
tabdpt,33,E-CommereShippingData,mitra,14,101,2.198704242706299,1.5556070804595947,0.29248916236916933,2,2,0,-23.072421550750732,-6.733119487762451,Weight_in_gms|Customer_care_calls
tabdpt,337,seismic-bumps,mitra,6,129,2.252885341644287,2.100292205810547,0.06773231331975771,2,2,0,-0.6541609764099121,-0.051140785217285156,gdenergy|gpuls
tabdpt,337,Bank_Customer_Churn,mitra,5,99,1.5892220735549927,0.0,1.0,3,1,2,7.295548915863037,7.2942376136779785,credit_card|balance|age
tabdpt,337,HR_Analytics_Job_Change_of_Data_Scientists,mitra,5,112,1.5391110181808472,0.0,1.0,3,2,1,11.347591876983643,11.347591876983643,city|enrolled_university|gender
tabdpt,35,Bank_Customer_Churn,mitra,8,192,2.749185562133789,1.276625633239746,0.5356349710170567,1,1,0,-20.49165964126587,-10.91921329498291,balance
tabdpt,35,E-CommereShippingData,mitra,8,58,2.9332032203674316,0.0,1.0,3,3,0,51.158607006073,89.25110101699829,Prior_purchases|Gender|Discount_offered
tabdpt,35,GiveMeSomeCredit,mitra,6,86,1.7367537021636963,1.5681254863739014,0.09709391468675908,2,2,0,-7.142603397369385,-0.6139278411865234,age|RevolvingUtilizationOfUnsecuredLines
tabdpt,379,seismic-bumps,mitra,7,37,1.387030839920044,0.0,1.0,1,1,0,-1.3782978057861328,-2.743542194366455,gdpuls
tabdpt,379,Amazon_employee_access,mitra,6,46,2.7639360427856445,0.0,1.0,4,2,2,-17.22872257232666,-60.95564365386963,ROLE_FAMILY_DESC|RESOURCE|ROLE_CODE|ROLE_DEPTNAME
tabdpt,38,Amazon_employee_access,mitra,36,177,1.9917361736297607,0.0,1.0,1,1,0,-1.356184482574463,-1.4903545379638672,RESOURCE
tabdpt,38,HR_Analytics_Job_Change_of_Data_Scientists,mitra,7,61,2.2019948959350586,0.0,1.0,2,2,0,3.349423408508301,1.3753771781921387,experience|city
tabdpt,38,GiveMeSomeCredit,mitra,6,154,4.8990631103515625,1.9346346855163574,0.6051010893432794,2,2,0,30.986100435256958,-62.66683340072632,MonthlyIncome|DebtRatio
tabdpt,41,students_dropout_and_academic_success,mitra,8,195,1.6077871322631836,0.0,1.0,1,1,0,-6.8447887897491455,-6.8447887897491455,Application_mode
tabdpt,41,seismic-bumps,mitra,3,7,1.3010932207107544,0.0,1.0,2,2,0,-0.08004903793334961,0.11020898818969727,gdpuls|seismic
tabdpt,41,E-CommereShippingData,mitra,4,55,0.9072076082229614,0.0,1.0,1,1,0,-4.662692546844482,-3.8154125213623047,Cost_of_the_Product
tabdpt,42,HR_Analytics_Job_Change_of_Data_Scientists,mitra,5,134,3.6669278144836426,1.2613228559494019,0.6560273559333715,4,4,0,-25.72929859161377,-13.989746570587158,city_development_index|gender|company_size|experience
tabdpt,44,students_dropout_and_academic_success,mitra,7,84,2.6323001384735107,0.0,1.0,8,2,6,-40.3369665145874,-40.32015800476074,Curricular_units_2nd_sem_approved|Fathers_qualification|Gender|Curricular_units_1st_sem_approved|Admission_grade|Curricular_units_2nd_sem_without_evaluations|Unemployment_rate|Inflation_rate
tabdpt,44,GiveMeSomeCredit,mitra,4,78,1.7022278308868408,0.0,1.0,2,1,1,-1.1088848114013672,-1.1053085327148438,MonthlyIncome|NumberOfOpenCreditLinesAndLoans
tabdpt,46,kddcup09_appetency,mitra,6,23,4.5387678146362305,0.0,1.0,1,1,0,-2.094268798828125,-2.094268798828125,Var74
tabdpt,46,taiwanese_bankruptcy_prediction,tabicl,3,197,3.969204902648926,0.0,1.0,8,2,6,-3.2228827476501465,-3.0411481857299805,Total_Asset_Turnover|Net_Profit_Before_Tax_Per_Share|NoCredit_Interval|Equity_to_LongTerm_Liability|Cash_Flow_to_Equity|Operating_Profit_Growth_Rate|Current_Asset_Turnover_Rate|Allocation_Rate_Per_Person
tabdpt,50,GiveMeSomeCredit,mitra,22,110,3.0697827339172363,0.9129178524017334,0.7026115749772321,1,1,0,-42.469024658203125,-26.93796157836914,MonthlyIncome
tabdpt,50,seismic-bumps,mitra,20,191,1.224386215209961,0.0,1.0,3,1,2,-14.13804292678833,-14.13947343826294,shift|genergy|maxenergy
tabdpt,55,blood-transfusion-service-center,tabicl,3,44,7.219127178192139,0.0,1.0,2,1,1,-65.85890054702759,-44.6547269821167,TotalBloodDonated|NumberOfDonations
tabdpt,55,jm1,tabpfn,5,4,4.451306343078613,0.0,1.0,2,2,0,-3.018498420715332,-8.212804794311523,uniq_Op|uniq_Opnd
tabdpt,55,HR_Analytics_Job_Change_of_Data_Scientists,tabicl,2,41,1.814303994178772,0.0,1.0,2,1,1,-8.895337581634521,-8.895337581634521,company_type|training_hours
tabdpt,59,Bank_Customer_Churn,mitra,1,70,2.3874762058258057,0.0,1.0,4,4,0,2.4784207344055176,2.0899176597595215,balance|country|tenure|estimated_salary
tabdpt,59,Amazon_employee_access,mitra,9,35,1.576082706451416,0.0,1.0,2,2,0,1.566171646118164,1.566171646118164,ROLE_DEPTNAME|ROLE_TITLE
tabdpt,59,seismic-bumps,mitra,2,144,1.9414349794387817,0.0,1.0,4,1,3,10.962605476379395,11.238574981689453,seismic|gdpuls|energy|maxenergy
tabdpt,61,students_dropout_and_academic_success,mitra,2,114,1.5870764255523682,0.0,1.0,7,1,6,-83.15572142601013,-83.22373032569885,Daytimeevening_attendance|Age_at_enrollment|Displaced|Inflation_rate|Educational_special_needs|Previous_qualification_grade|GDP
tabdpt,61,HR_Analytics_Job_Change_of_Data_Scientists,mitra,2,41,1.9480173587799072,0.0,1.0,4,2,2,-6.329715251922607,3.1220316886901855,experience|company_type|last_new_job|city_development_index
tabdpt,61,SDSS17,mitra,1,127,2.125920057296753,0.0,1.0,5,4,1,-50.62789469957352,-50.627849996089935,i|z|redshift|g|alpha
tabdpt,62,taiwanese_bankruptcy_prediction,tabpfn,5,137,3.8090200424194336,0.0,1.0,6,1,5,-10.271072387695312,-10.271072387695312,Operating_Profit_Rate|Net_Value_Per_Share_B|Tax_Rate_A|ROA_C_Before_Interest_Depreciation|Total_Asset_Return_Growth_Rate|DFL
tabdpt,62,HR_Analytics_Job_Change_of_Data_Scientists,tabpfn,4,19,2.479959487915039,0.0,1.0,1,1,0,-0.3409385681152344,-1.258552074432373,education_level
tabdpt,64,HR_Analytics_Job_Change_of_Data_Scientists,tabicl,2,74,3.693744659423828,0.0,1.0,5,2,3,8.695125579833984,8.695125579833984,city|major_discipline|relevent_experience|training_hours|city_development_index
tabdpt,64,E-CommereShippingData,tabicl,4,55,3.3732476234436035,0.9272476434707642,0.7251172321217922,3,3,0,-18.09835433959961,-11.157035827636719,Prior_purchases|Warehouse_block|Product_importance
tabdpt,67,Amazon_employee_access,mitra,15,141,3.4426450729370117,0.0,1.0,2,2,0,-1.9984841346740723,-2.9096007347106934,ROLE_FAMILY_DESC|ROLE_ROLLUP_2
tabdpt,67,students_dropout_and_academic_success,tabpfn,11,183,4.373359680175781,0.0,1.0,7,6,1,-36.34589910507202,-36.34589910507202,Curricular_units_2nd_sem_evaluations|Unemployment_rate|Previous_qualification_grade|Age_at_enrollment|GDP|Inflation_rate|Admission_grade
tabdpt,67,HR_Analytics_Job_Change_of_Data_Scientists,tabicl,5,50,3.141343832015991,0.0,1.0,5,3,2,-54.37654256820679,-51.505446434020996,city_development_index|experience|city|enrolled_university|training_hours
tabdpt,674,Amazon_employee_access,mitra,2,39,1.3627405166625977,0.0,1.0,2,1,1,-3.962397575378418,-5.891025066375732,ROLE_TITLE|MGR_ID
tabdpt,70,Amazon_employee_access,tabpfn,13,173,2.216024398803711,0.0,1.0,5,1,4,-2.6041269302368164,-2.6336312294006348,ROLE_ROLLUP_1|RESOURCE|MGR_ID|ROLE_CODE|ROLE_FAMILY_DESC
tabdpt,70,hazelnut-spread-contaminant-detection,mitra,5,94,1.183092474937439,0.0,1.0,1,1,0,-13.665199279785156,-13.665199279785156,s42
tabdpt,70,students_dropout_and_academic_success,mitra,1,36,1.4522086381912231,0.0,1.0,8,1,7,-15.406131744384766,-15.1747465133667,Application_mode|Curricular_units_2nd_sem_evaluations|Educational_special_needs|Curricular_units_1st_sem_grade|GDP|Unemployment_rate|Inflation_rate|Admission_grade
tabdpt,71,students_dropout_and_academic_success,tabpfn,17,16,6.23475980758667,0.0,1.0,4,2,2,-2.606332302093506,-2.6749372482299805,Fathers_qualification|Curricular_units_1st_sem_without_evaluations|GDP|Educational_special_needs
tabdpt,71,seismic-bumps,mitra,14,51,1.2611126899719238,0.0,1.0,1,1,0,-4.052519798278809,-4.209756851196289,gpuls
tabdpt,71,jm1,mitra,11,31,1.720463514328003,0.0,1.0,3,1,2,-27.610599994659424,-27.60988473892212,lOCode|total_Op|d
tabdpt,73,website_phishing,mitra,4,29,4.275478839874268,0.0,1.0,2,2,0,-90.99507331848145,-90.99507331848145,popUpWidnow|SFH
tabdpt,73,hazelnut-spread-contaminant-detection,mitra,4,115,1.7984586954116821,0.0,1.0,9,2,7,33.629000186920166,33.63001346588135,s24|s62|s52|s51|s23|s36|s53|s42|s64
tabdpt,73,customer_satisfaction_in_airline,mitra,1,174,1.4382102489471436,0.0,1.0,1,1,0,8.384168148040771,9.68402624130249,ArrivalDelayinMinutes
tabdpt,8,polish_companies_bankruptcy,mitra,13,137,1.3498445749282837,0.0,1.0,5,1,4,-4.627346992492676,-4.627585411071777,receivables_turnover_ratio|gross_profit_plus_depreciation_to_total_liabilities|ebitda_to_total_assets|gross_profit_to_total_assets|current_assets_to_total_liabilities
tabdpt,8,kddcup09_appetency,mitra,7,34,2.0525457859039307,0.0,1.0,3,1,2,-1.842498779296875,-1.842498779296875,Var123|Var28|Var81
tabdpt,8,students_dropout_and_academic_success,mitra,6,172,1.2665293216705322,0.0,1.0,6,1,5,24.07616376876831,23.835748434066772,Previous_qualification_grade|Educational_special_needs|Curricular_units_2nd_sem_grade|GDP|Mothers_occupation|Unemployment_rate
tabdpt,85,Amazon_employee_access,mitra,25,77,1.019749402999878,0.0,1.0,1,1,0,-0.5132555961608887,-0.3610849380493164,ROLE_DEPTNAME
tabdpt,85,bank-marketing,tabpfn,10,170,5.042187213897705,0.0,1.0,4,1,3,-15.625,-12.034595012664795,previous|marital|balance|default
tabdpt,85,customer_satisfaction_in_airline,mitra,6,185,1.1265406608581543,0.0,1.0,5,1,4,-113.106369972229,-113.09647560119629,Gatelocation|Cleanliness|DepartureDelayinMinutes|FlightDistance|ArrivalDelayinMinutes
tabdpt,90,GiveMeSomeCredit,mitra,3,87,1.3383809328079224,0.0,1.0,6,1,5,-3.395974636077881,-3.4304261207580566,NumberRealEstateLoansOrLines|NumberOfTime60-89DaysPastDueNotWorse|RevolvingUtilizationOfUnsecuredLines|MonthlyIncome|age|DebtRatio
tabdpt,90,Bank_Customer_Churn,mitra,1,82,3.1567132472991943,0.0,1.0,2,2,0,2.1961331367492676,1.8649697303771973,age|balance
tabicl,100,hazelnut-spread-contaminant-detection,tabdpt,1,156,11.394983291625977,2.953603506088257,0.740797908123409,8,8,0,-0.3088712692260742,-0.3088712692260742,s53|s12|s62|s24|s64|s26|s56|s42
tabicl,100,in_vehicle_coupon_recommendation,tabpfn,1,126,5.843957424163818,2.036020278930664,0.6516024790817179,5,5,0,-152.19241380691528,-124.65125322341919,Restaurant20To50|CoffeeHouse|passenger|education|income
tabicl,100,anneal,tabdpt,5,69,4.074644565582275,0.0,1.0,4,4,0,-2.029895782470703,-2.346932888031006,width|bf|len|lustre
tabicl,102,website_phishing,mitra,1,79,6.278467655181885,3.012453556060791,0.5201928684661637,4,4,0,-212.25929260253906,-154.2167067527771,web_traffic|URL_of_Anchor|SSLfinal_State|popUpWidnow
tabicl,102,Amazon_employee_access,tabpfn,2,125,9.273015022277832,0.0,1.0,4,4,0,-19.10233497619629,-22.54951000213623,ROLE_ROLLUP_2|ROLE_FAMILY|ROLE_TITLE|ROLE_ROLLUP_1
tabicl,102,Bank_Customer_Churn,tabpfn,1,7,8.287687301635742,0.0,1.0,6,6,0,-1.7883777618408203,-8.405089378356934,credit_card|credit_score|products_number|balance|age|tenure
tabicl,104,NATICUSdroid,mitra,1,76,5.568816184997559,0.0,1.0,13,13,0,-225.05518794059753,-468.55179965496063,android.permission.CALL_PHONE|com.oppo.launcher.permission.READ_SETTINGS|android.permission.FLASHLIGHT|android.permission.SEND_SMS|android.permission.USE_CREDENTIALS|android.permission.GET_ACCOUNTS|android.permission.ACCESS_COARSE_LOCATION|com.google.android.gms.permission.ACTIVITY_RECOGNITION|android.permission.SYSTEM_ALERT_WINDOW|com.android.vending.BILLING|android.permission.READ_PROFILE|android.permission.WRITE_SETTINGS|com.sec.android.iap.permission.BILLING
tabicl,104,Amazon_employee_access,tabpfn,1,136,4.494773864746094,2.912173271179199,0.3520979344433147,3,3,0,-34.23941135406494,-31.4253568649292,MGR_ID|ROLE_FAMILY_DESC|ROLE_DEPTNAME
tabicl,104,in_vehicle_coupon_recommendation,tabpfn,1,56,3.327270746231079,0.0,1.0,4,4,0,-36.044299602508545,-56.49679899215698,has_children|occupation|education|age
tabicl,105,churn,mitra,3,144,12.438072204589844,5.870484352111816,0.5280229720852146,4,4,0,-11.009454727172852,-4.752635955810547,total_eve_charge|total_day_calls|account_length|total_night_minutes
tabicl,105,heloc,mitra,8,135,10.230483055114746,4.863415241241455,0.5246152879545621,8,8,0,-117.54143238067627,-61.76072359085083,AverageMInFile|NumInstallTradesWBalance|MSinceOldestTradeOpen|NumTradesOpeninLast12M|NetFractionRevolvingBurden|PercentInstallTrades|MSinceMostRecentDelq|NumTotalTrades
tabicl,105,Amazon_employee_access,mitra,6,61,8.155698776245117,0.0,1.0,5,5,0,-2.4259090423583984,-2.876877784729004,ROLE_TITLE|RESOURCE|ROLE_FAMILY_DESC|ROLE_ROLLUP_2|ROLE_ROLLUP_1
tabicl,107,Amazon_employee_access,tabpfn,16,95,14.008598327636719,6.927619934082031,0.5054737260604476,4,4,0,-9.794831275939941,-5.029559135437012,ROLE_FAMILY|ROLE_ROLLUP_2|ROLE_TITLE|ROLE_FAMILY_DESC
tabicl,107,hazelnut-spread-contaminant-detection,mitra,9,128,10.669496536254883,7.400164604187012,0.3064185756993033,15,15,0,-17.30746030807495,-4.363358020782471,s64|s36|s52|s63|s61|s51|s23|s62|s12|s32|s13|s46|s53|s56|s31
tabicl,107,students_dropout_and_academic_success,mitra,8,172,12.58620548248291,8.392627716064453,0.33318840791650417,5,5,0,-28.904438018798828,-8.991986513137817,Fathers_qualification|Mothers_occupation|Nationality|Unemployment_rate|GDP
tabicl,108,in_vehicle_coupon_recommendation,mitra,3,25,10.550237655639648,6.517425537109375,0.38224846208791574,3,3,0,-18.434762954711914,-7.345736026763916,income|Bar|gender
tabicl,108,kddcup09_appetency,mitra,3,149,13.120677947998047,10.914464950561523,0.16814778978498954,10,10,0,-1.3577938079833984,-0.21797418594360352,Var115|Var223|Var34|Var193|Var73|Var189|Var188|Var57|Var204|Var113
tabicl,108,taiwanese_bankruptcy_prediction,mitra,2,194,8.428183555603027,4.88880729675293,0.4199453222037544,17,17,0,-3.9075613021850586,-1.5046000480651855,Working_Capital_to_Equity|Allocation_Rate_Per_Person|Operating_Gross_Margin|R&D_Expense_Rate|Inventory_Turnover_Rate|Realized_Sales_Gross_Profit_Growth_Rate|Total_Assets_to_GNP_Price|Cash_to_Total_Assets|Interest_Expense_Ratio|Total_Expense_to_Assets|Gross_Profit_to_Sales|Working_Capital_to_Total_Assets|ROA_B_Before_Interest_Depreciation_After_Tax|Operating_Profit_to_PaidIn_Capital|Equity_to_Liability|Cash_Flow_to_Liability|Total_Income_to_Total_Expense
tabicl,112,website_phishing,mitra,1,38,5.414374351501465,2.982771158218384,0.449101416973278,2,2,0,80.3881287574768,43.61051321029663,web_traffic|URL_of_Anchor
tabicl,112,Bank_Customer_Churn,mitra,1,159,1.7440770864486694,0.0,1.0,4,2,2,12.110263109207153,-11.911869049072266,age|credit_score|credit_card|balance
tabicl,112,GiveMeSomeCredit,mitra,1,157,4.943148612976074,0.0,1.0,4,3,1,-16.317814588546753,51.84578895568848,MonthlyIncome|NumberOfOpenCreditLinesAndLoans|NumberOfTimes90DaysLate|DebtRatio
tabicl,116,Diabetes130US,tabpfn,1,21,8.6580810546875,0.0,1.0,7,7,0,0.5171298980712891,0.9767413139343262,diag_3|A1Cresult|glimepiride|max_glu_serum|num_medications|num_lab_procedures|time_in_hospital
tabicl,116,jm1,mitra,1,18,7.1983795166015625,1.7090976238250732,0.7625718927595585,6,6,0,-43.6711311340332,-5.483865737915039,lOComment|uniq_Op|v(g)|iv(g)|branchCount|l
tabicl,116,APSFailure,mitra,1,178,4.697666168212891,3.9347405433654785,0.1624052449724515,16,16,0,-163.54350000619888,-138.593852519989,ca_000|cn_006|di_000|cq_000|bh_000|br_000|az_000|ee_006|ba_003|bx_000|ct_000|ag_005|ba_007|bn_000|ci_000|ax_000
tabicl,117,anneal,tabdpt,6,48,5.209630489349365,0.0,1.0,5,5,0,-3.4557580947875977,-3.13568115234375,hardness|width|cbond|non-ageing|len
tabicl,117,kddcup09_appetency,tabpfn,1,31,6.317310333251953,3.7240447998046875,0.4105015262266424,10,10,0,-1.0398030281066895,-0.5147457122802734,Var153|Var211|Var113|Var225|Var124|Var149|Var78|Var28|Var134|Var94
tabicl,117,Amazon_employee_access,tabpfn,1,20,5.189391136169434,0.0,1.0,4,4,0,-276.0215103626251,-140.75952768325806,ROLE_ROLLUP_1|MGR_ID|ROLE_ROLLUP_2|ROLE_TITLE
tabicl,120,Amazon_employee_access,mitra,1,151,13.924030303955078,3.2622995376586914,0.7657072365942751,6,6,0,9.548366069793701,6.6947340965271,RESOURCE|ROLE_ROLLUP_2|ROLE_DEPTNAME|ROLE_TITLE|ROLE_FAMILY|ROLE_FAMILY_DESC
tabicl,120,in_vehicle_coupon_recommendation,mitra,1,43,15.053025245666504,12.095176696777344,0.19649528919382314,5,5,0,-70.42157649993896,-11.039912700653076,CoffeeHouse|has_children|age|temperature|CarryAway
tabicl,120,Bank_Customer_Churn,mitra,1,147,10.983575820922852,1.6744139194488525,0.8475529329656718,7,7,0,-88.64715695381165,-72.67379760742188,credit_score|tenure|balance|gender|active_member|age|country
tabicl,127,bank-marketing,tabpfn,6,188,10.093605041503906,4.78572416305542,0.5258657195940405,4,4,0,-40.0390625,-22.845283150672913,job|housing|age|balance
tabicl,127,GiveMeSomeCredit,tabdpt,1,178,10.170463562011719,4.775632858276367,0.5304409844095891,4,4,0,58.816492557525635,31.275644898414612,NumberOfTimes90DaysLate|DebtRatio|NumberRealEstateLoansOrLines|NumberOfOpenCreditLinesAndLoans
tabicl,127,Diabetes130US,mitra,11,97,6.641969680786133,4.847423076629639,0.2701828960989919,7,7,0,-0.07873773574829102,0.03904104232788086,diag_1|diag_3|diag_2|insulin|num_procedures|num_medications|num_lab_procedures
tabicl,129,website_phishing,tabpfn,1,117,2.419769287109375,0.0,1.0,2,2,0,-481.09108209609985,-474.3189811706543,URL_Length|having_IP_Address
tabicl,129,APSFailure,tabdpt,1,66,1.3770323991775513,0.0,1.0,3,3,0,-0.24306774139404297,-0.21642446517944336,cu_000|az_009|az_003
tabicl,129,in_vehicle_coupon_recommendation,tabpfn,1,99,2.3595685958862305,0.0,1.0,4,4,0,-35.16054153442383,-54.10856008529663,RestaurantLessThan20|Restaurant20To50|income|occupation
tabicl,13,Amazon_employee_access,tabpfn,6,18,8.55813980102539,0.9133423566818237,0.8932779344674421,3,3,0,-15.939638018608093,-14.675386250019073,ROLE_TITLE|ROLE_FAMILY_DESC|ROLE_FAMILY
tabicl,13,splice,mitra,1,52,3.8432693481445312,2.634735345840454,0.31445467200667004,5,5,0,-159.6023440361023,-46.51188850402832,position_-17|position_7|position_16|position_24|position_25
tabicl,13,students_dropout_and_academic_success,tabpfn,1,63,4.509269714355469,0.0,1.0,14,9,5,-35.400390625,-35.64453125,Displaced|Fathers_qualification|Unemployment_rate|Curricular_units_1st_sem_enrolled|Curricular_units_2nd_sem_credited|Curricular_units_2nd_sem_enrolled|Curricular_units_1st_sem_without_evaluations|Educational_special_needs|Scholarship_holder|Curricular_units_1st_sem_grade|Previous_qualification_grade|Inflation_rate|GDP|Curricular_units_2nd_sem_grade
tabicl,130,anneal,tabdpt,13,36,5.709456920623779,0.0,1.0,6,6,0,-0.6889104843139648,-1.261591911315918,width|bore|oil|lustre|steel|thick
tabicl,130,Amazon_employee_access,tabpfn,1,136,3.072669267654419,0.0,1.0,1,1,0,-43.02847385406494,-38.174331188201904,ROLE_DEPTNAME
tabicl,131,Amazon_employee_access,tabpfn,3,159,6.807519912719727,1.5174156427383423,0.7770971422495468,4,4,0,-0.1907944679260254,-2.3372769355773926,ROLE_DEPTNAME|ROLE_TITLE|ROLE_FAMILY_DESC|ROLE_FAMILY
tabicl,131,anneal,tabdpt,23,38,6.998376846313477,0.8226879239082336,0.8824458953876427,4,4,0,-2.871394157409668,-3.3632516860961914,bl|thick|len|width
tabicl,131,students_dropout_and_academic_success,tabpfn,1,63,10.83808422088623,7.349724292755127,0.32186130473212543,6,6,0,10.049521923065186,1.220703125,Course|Curricular_units_1st_sem_without_evaluations|Inflation_rate|Application_order|GDP|Admission_grade
tabicl,135,seismic-bumps,mitra,3,168,8.969970703125,0.0,1.0,4,4,0,16.293764114379883,16.339004039764404,nbumps2|energy|ghazard|maxenergy
tabicl,135,NATICUSdroid,mitra,1,175,3.460645914077759,0.0,1.0,8,8,0,-113.2860779762268,-66.93792343139648,android.permission.CHANGE_NETWORK_STATE|com.google.android.gms.permission.ACTIVITY_RECOGNITION|me.everything.badger.permission.BADGE_COUNT_WRITE|samsung.providers.context.WRITE_USE_APP_FEATURE_SURVEY|android.permission.AUTHENTICATE_ACCOUNTS|android.permission.WRITE_SETTINGS|android.permission.ACCESS_WIFI_STATE|android.permission.READ_PROFILE
tabicl,135,website_phishing,mitra,1,38,1.5349938869476318,0.0,1.0,2,2,0,-76.03669166564941,-78.79114151000977,web_traffic|Request_URL
tabicl,140,website_phishing,tabpfn,3,71,4.448141098022461,2.3909754753112793,0.46247760072758237,5,5,0,-180.20981550216675,-178.74503135681152,having_IP_Address|Request_URL|SFH|SSLfinal_State|URL_of_Anchor
tabicl,140,splice,tabdpt,3,107,0.624319314956665,0.0,1.0,1,1,0,-3.985583782196045,-3.982841968536377,position_-30
tabicl,141,splice,tabdpt,1,174,1.5628130435943604,0.0,1.0,5,5,0,27.441203594207764,78.51630449295044,position_18|position_-15|position_19|position_-28|position_-26
tabicl,141,website_phishing,tabpfn,1,117,1.5400128364562988,0.0,1.0,1,1,0,-457.6564431190491,-453.26244831085205,SSLfinal_State
tabicl,141,anneal,tabdpt,1,55,2.1738393306732178,0.0,1.0,3,3,0,-1.9127726554870605,-2.06071138381958,packing|condition|len
tabicl,142,MIC,tabpfn,1,31,4.139021873474121,1.699585199356079,0.5893751588392746,15,15,0,-191.00898504257202,-187.93898820877075,NA_R_1_n|TRENT_S_n|np_08|np_01|NOT_NA_KB|np_04|nr_01|ritm_ecg_p_07|GIPER_NA|n_p_ecg_p_10|ritm_ecg_p_02|endocr_03|IBS_POST|n_p_ecg_p_03|FK_STENOK
tabicl,142,website_phishing,tabpfn,2,70,4.457990646362305,0.0,1.0,2,2,0,-155.337393283844,-64.33093547821045,Request_URL|SFH
tabicl,142,anneal,tabdpt,2,42,6.129029273986816,0.9483610391616821,0.8452673340643401,3,3,0,-3.339231014251709,-3.3315420150756836,bl|width|thick
tabicl,145,anneal,tabdpt,6,69,1.4459680318832397,0.0,1.0,1,1,0,-1.8860101699829102,-2.1292567253112793,len
tabicl,145,splice,tabdpt,3,174,1.7452223300933838,0.0,1.0,9,9,0,40.669143199920654,134.4156265258789,position_27|position_8|position_6|position_-21|position_-27|position_-20|position_-7|position_-28|position_9
tabicl,145,Amazon_employee_access,tabpfn,1,137,1.4113478660583496,0.0,1.0,2,2,0,-15.895605087280273,-17.271697521209717,RESOURCE|ROLE_FAMILY_DESC
tabicl,147,taiwanese_bankruptcy_prediction,mitra,1,147,5.120067596435547,3.5442519187927246,0.3077724361959328,16,16,0,22.268831729888916,7.566630840301514,Working_Capital_to_Total_Assets|Net_Income_to_Stockholders_Equity|Contingent_Liabilities_to_Net_Worth|Cash_Flow_Rate|Tax_Rate_A|NoCredit_Interval|Quick_Ratio|Debt_Ratio_Percent|Gross_Profit_to_Sales|ROA_B_Before_Interest_Depreciation_After_Tax|Fixed_Assets_Turnover_Frequency|Cash_Flow_to_Equity|ROA_A_Before_Interest_After_Tax|Cash_Reinvestment_Percent|LongTerm_Fund_Suitability_Ratio_A|Allocation_Rate_Per_Person
tabicl,147,kddcup09_appetency,tabpfn,2,54,5.073363304138184,2.3940978050231934,0.5281044030356741,11,11,0,-3.3498406410217285,-1.2229681015014648,Var199|Var227|Var126|Var144|Var38|Var161|Var133|Var160|Var195|Var134|Var76
tabicl,147,splice,tabdpt,2,107,2.7966408729553223,0.0,1.0,4,4,0,4.0535032749176025,-4.002511501312256,position_25|position_-3|position_4|position_-25
tabicl,149,anneal,tabdpt,16,36,2.066666603088379,0.0,1.0,4,4,0,-0.796198844909668,-0.5804300308227539,width|cbond|bw_me|lustre
tabicl,149,online_shoppers_intention,tabpfn,1,194,2.555039882659912,0.0,1.0,5,5,0,-70.32537460327148,-60.89359521865845,PageValues|ProductRelated|OperatingSystems|Administrative_Duration|ProductRelated_Duration
tabicl,149,in_vehicle_coupon_recommendation,tabpfn,1,15,2.3034796714782715,0.0,1.0,3,3,0,-33.105552196502686,-25.000929832458496,CarryAway|passenger|occupation
tabicl,158,anneal,tabdpt,30,69,3.953066825866699,2.4449915885925293,0.38149500216038684,2,2,0,-2.0390748977661133,-2.274930477142334,len|width
tabicl,158,online_shoppers_intention,tabpfn,3,191,6.854876518249512,2.2536368370056152,0.6712359688747372,9,9,0,-1.5524029731750488,-3.7021636962890625,TrafficType|BounceRates|Weekend|Informational|OperatingSystems|ProductRelated|Administrative|Administrative_Duration|ProductRelated_Duration
tabicl,158,Amazon_employee_access,tabpfn,1,159,4.571501731872559,1.4438449144363403,0.6841639795584373,3,3,0,-0.8278489112854004,-6.066083908081055,ROLE_DEPTNAME|ROLE_TITLE|MGR_ID
tabicl,160,churn,tabdpt,1,40,3.5884876251220703,2.0730204582214355,0.4223136109739497,9,9,0,15.48856496810913,8.7432861328125,total_eve_calls|state|total_night_charge|total_day_calls|total_night_calls|total_intl_calls|total_night_minutes|total_eve_minutes|total_eve_charge
tabicl,160,Fitness_Club,mitra,1,12,3.7815780639648438,2.3973097801208496,0.3660557207677052,1,1,0,-7.756531238555908,-7.0261359214782715,category
tabicl,160,website_phishing,tabpfn,4,71,4.142020225524902,1.7340565919876099,0.5813500423533399,3,3,0,-209.0737819671631,-147.3062038421631,having_IP_Address|SFH|SSLfinal_State
tabicl,17,Amazon_employee_access,mitra,2,57,5.815446853637695,1.8783233165740967,0.677011352034081,4,4,0,6.011664867401123,4.597723484039307,ROLE_FAMILY|ROLE_FAMILY_DESC|MGR_ID|ROLE_DEPTNAME
tabicl,17,in_vehicle_coupon_recommendation,tabpfn,4,45,6.1895952224731445,2.4496686458587646,0.6042279732664064,6,6,0,-9.763240814208984,-6.170809268951416,Restaurant20To50|expiration|has_children|age|occupation|CarryAway
tabicl,17,NATICUSdroid,mitra,1,77,5.756298065185547,4.168120861053467,0.27590253078405996,10,10,0,86.35193109512329,24.45197105407715,android.permission.WAKE_LOCK|android.permission.DISABLE_KEYGUARD|android.permission.SEND_SMS|android.permission.BROADCAST_STICKY|android.permission.CAMERA|android.permission.VIBRATE|android.permission.ACCESS_LOCATION_EXTRA_COMMANDS|android.permission.RECEIVE_USER_PRESENT|android.permission.MOUNT_UNMOUNT_FILESYSTEMS|android.permission.READ_SMS
tabicl,170,Bank_Customer_Churn,mitra,1,159,2.5419840812683105,0.0,1.0,4,3,1,-57.46123194694519,-43.29219460487366,country|credit_score|tenure|age
tabicl,170,HR_Analytics_Job_Change_of_Data_Scientists,mitra,1,135,1.8923578262329102,0.0,1.0,2,1,1,-32.57131576538086,13.517141342163086,training_hours|experience
tabicl,170,anneal,tabdpt,12,48,2.7626943588256836,0.0,1.0,4,4,0,-4.911601543426514,-10.528743267059326,hardness|width|len|thick
tabicl,172,online_shoppers_intention,tabpfn,1,124,4.871467113494873,3.13930344581604,0.3555733062182471,5,5,0,-18.26578378677368,-5.571246147155762,Region|ExitRates|Administrative_Duration|Browser|TrafficType
tabicl,172,credit-g,tabpfn,2,88,7.929229736328125,0.8648214936256409,0.8909324710742808,8,8,0,-38.22821378707886,-32.01496601104736,age_years|duration_months|credit_amount|other_debtors|existing_credits_count|job|checking_status|credit_purpose
tabicl,172,hazelnut-spread-contaminant-detection,mitra,1,88,3.915565252304077,2.1745781898498535,0.44463237113204956,15,15,0,-41.47017002105713,-15.867888927459717,s54|s52|s32|s46|s16|s61|s13|s42|s25|s35|s53|s63|s31|s14|s65
tabicl,174,anneal,tabdpt,1,24,2.28016996383667,0.0,1.0,2,2,0,-2.7928948402404785,-2.8492212295532227,bf|thick
tabicl,175,HR_Analytics_Job_Change_of_Data_Scientists,mitra,1,151,4.166594505310059,2.235720157623291,0.4634178692517334,3,3,0,-48.840492963790894,-20.601093769073486,city|enrolled_university|experience
tabicl,175,splice,mitra,1,152,5.653793811798096,1.7068674564361572,0.6981022808305568,7,7,0,2.093374729156494,1.6769766807556152,position_-2|position_-8|position_24|position_-27|position_-23|position_-30|position_-21
tabicl,175,students_dropout_and_academic_success,mitra,4,183,2.6018567085266113,0.0,1.0,13,5,8,-8.42621922492981,19.63016390800476,Admission_grade|Curricular_units_2nd_sem_without_evaluations|Scholarship_holder|Curricular_units_1st_sem_credited|Application_mode|Inflation_rate|Curricular_units_1st_sem_grade|Fathers_occupation|Unemployment_rate|Daytimeevening_attendance|GDP|Age_at_enrollment|Curricular_units_2nd_sem_grade
tabicl,176,anneal,tabdpt,29,32,6.178860664367676,2.041199207305908,0.6696479629202323,4,4,0,-0.29289722442626953,-0.2657771110534668,width|thick|hardness|len
tabicl,176,credit-g,tabpfn,1,15,4.421465873718262,0.7878645658493042,0.8218091944274707,3,3,0,-5.3694844245910645,-4.589557647705078,age_years|credit_amount|job
tabicl,176,online_shoppers_intention,tabpfn,2,194,3.233816623687744,0.0,1.0,4,4,0,-71.33567333221436,-75.83224773406982,Administrative|SpecialDay|BounceRates|TrafficType
tabicl,177,anneal,tabdpt,6,82,4.285578727722168,0.0,1.0,3,3,0,-1.4983415603637695,-2.1191835403442383,bt|width|bw_me
tabicl,177,website_phishing,tabpfn,2,70,3.321150064468384,2.0983657836914062,0.3681809785890264,1,1,0,-177.0038604736328,-226.52119398117065,having_IP_Address
tabicl,177,splice,tabdpt,2,16,2.6022913455963135,0.0,1.0,6,6,0,-0.1475214958190918,-0.18829107284545898,position_12|position_-11|position_4|position_-6|position_-3|position_6
tabicl,180,anneal,tabdpt,23,72,4.8894548416137695,0.0,1.0,3,3,0,-2.5220513343811035,-2.0855069160461426,len|thick|width
tabicl,180,MIC,tabdpt,3,139,6.313800811767578,1.8594379425048828,0.7054962616116608,8,8,0,-2.1747350692749023,-2.2588372230529785,zab_leg_06|n_p_ecg_p_01|zab_leg_02|post_im|TRENT_S_n|GT_POST|MP_TP_POST|S_AD_ORIT
tabicl,180,online_shoppers_intention,tabpfn,1,194,5.92875862121582,1.2632286548614502,0.7869320146816168,9,9,0,-66.02120399475098,-74.15449619293213,Administrative|Month|ProductRelated|SpecialDay|Browser|ExitRates|BounceRates|ProductRelated_Duration|Administrative_Duration
tabicl,181,splice,mitra,1,198,3.4277873039245605,1.9441522359848022,0.43282588340329836,12,12,0,-216.87865257263184,-206.0529589653015,position_9|position_18|position_-20|position_-9|position_10|position_17|position_-8|position_-25|position_-14|position_29|position_30|position_-26
tabicl,181,students_dropout_and_academic_success,tabpfn,1,107,6.66119384765625,1.8226134777069092,0.7263833601917773,9,9,0,-66.13683700561523,-39.1845703125,Mothers_qualification|Curricular_units_2nd_sem_evaluations|GDP|Application_mode|Curricular_units_2nd_sem_credited|Fathers_occupation|Mothers_occupation|Marital_status|Curricular_units_1st_sem_grade
tabicl,181,anneal,tabdpt,27,24,5.934147834777832,3.013296365737915,0.4922107689872324,4,4,0,-2.379477024078369,-3.582477569580078,len|thick|bf|bt
tabicl,184,hiva_agnostic,tabpfn,4,14,3.60664963722229,0.0,1.0,11,11,0,4.519224166870117,4.533946514129639,molecule_structure_property_1568|molecule_structure_property_1573|molecule_structure_property_341|molecule_structure_property_502|molecule_structure_property_109|molecule_structure_property_1172|molecule_structure_property_396|molecule_structure_property_777|molecule_structure_property_644|molecule_structure_property_551|molecule_structure_property_406
tabicl,186,anneal,tabdpt,3,36,3.4534120559692383,0.0,1.0,4,4,0,-0.6478428840637207,-0.5532503128051758,bt|bore|lustre|steel
tabicl,186,splice,tabdpt,1,174,1.6497776508331299,0.0,1.0,5,5,0,27.441203594207764,34.09838676452637,position_11|position_-12|position_23|position_-15|position_10
tabicl,19,jm1,mitra,1,122,4.670304298400879,2.992628812789917,0.35922187900805547,9,9,0,12.824773788452148,-6.021738052368164,total_Opnd|total_Op|l|d|lOCode|b|n|v|e
tabicl,19,Amazon_employee_access,tabpfn,3,142,5.984719276428223,0.0,1.0,2,2,0,-3.317534923553467,-7.3108673095703125,RESOURCE|ROLE_DEPTNAME
tabicl,19,heloc,mitra,1,111,3.189126968383789,1.6161143779754639,0.4932423845155055,3,3,0,-4.269242286682129,-9.797751903533936,NumSatisfactoryTrades|NumTotalTrades|MSinceOldestTradeOpen
tabicl,193,hazelnut-spread-contaminant-detection,mitra,1,187,3.890850067138672,0.0,1.0,15,15,0,-34.615159034729004,-22.959470748901367,s35|s65|s25|s51|s45|s31|s23|s64|s61|s46|s54|s62|s12|s43|s41
tabicl,193,splice,tabdpt,4,174,0.9717508554458618,0.0,1.0,2,2,0,34.116268157958984,60.00930070877075,position_-28|position_19
tabicl,193,in_vehicle_coupon_recommendation,tabpfn,2,99,3.4551162719726562,0.9967315196990967,0.7115201222649375,3,3,0,-36.03774309158325,-36.92358732223511,CoffeeHouse|Bar|time
tabicl,196,splice,mitra,1,198,2.248671770095825,0.0,1.0,11,11,0,-262.7871632575989,-235.02355813980103,position_-18|position_11|position_-12|position_21|position_30|position_12|position_-14|position_16|position_25|position_20|position_24
tabicl,196,heloc,mitra,1,111,3.2623181343078613,0.0,1.0,5,5,0,-28.18155288696289,-10.721266269683838,AverageMInFile|NumRevolvingTradesWBalance|NumTotalTrades|PercentInstallTrades|PercentTradesWBalance
tabicl,196,website_phishing,tabpfn,2,70,1.6694952249526978,1.0465872287750244,0.37311157700095987,1,1,0,-142.38566160202026,-267.0081853866577,having_IP_Address
tabicl,198,students_dropout_and_academic_success,mitra,1,150,3.4870963096618652,0.0,1.0,7,7,0,-1.9376873970031738,-2.5275349617004395,Curricular_units_1st_sem_grade|Displaced|Admission_grade|Fathers_qualification|Application_mode|Scholarship_holder|Gender
tabicl,198,jm1,mitra,1,131,2.007901191711426,0.0,1.0,2,2,0,-4.002422094345093,46.93615436553955,locCodeAndComment|branchCount
tabicl,198,anneal,tabdpt,5,26,4.052463054656982,1.4654067754745483,0.6383910832226979,3,3,0,-2.5405287742614746,-2.462148666381836,width|len|steel
tabicl,204,splice,tabdpt,4,15,3.1194052696228027,0.0,1.0,6,6,0,-0.5440711975097656,-0.4558563232421875,position_-20|position_-5|position_25|position_-19|position_-6|position_-12
tabicl,204,anneal,tabdpt,6,74,3.9442834854125977,2.166107177734375,0.45082365764392157,2,2,0,-3.50266695022583,-3.191828727722168,thick|len
tabicl,204,MIC,tabdpt,3,131,2.213247299194336,0.0,1.0,4,4,0,-1.0986924171447754,-1.1917948722839355,ANT_CA_S_n|endocr_03|INF_ANAM|FK_STENOK
tabicl,208,kddcup09_appetency,mitra,1,117,5.156876564025879,4.528146266937256,0.12192075751330081,6,6,0,3.7177205085754395,0.48291683197021484,Var160|Var153|Var200|Var74|Var133|Var76
tabicl,208,bank-marketing,tabpfn,1,135,6.450494766235352,0.0,1.0,5,5,0,-3.474414348602295,-3.9060115814208984,poutcome|age|previous|education|contact
tabicl,208,hazelnut-spread-contaminant-detection,mitra,2,55,5.0465192794799805,1.0342278480529785,0.7950611518996217,17,17,0,78.85366678237915,66.54870510101318,s12|s52|s14|s35|s62|s21|s45|s54|s65|s63|s34|s61|s13|s31|s56|s64|s32
tabicl,213,kddcup09_appetency,mitra,1,88,7.955646514892578,5.600656032562256,0.2960149722491939,6,6,0,-0.37157535552978516,-0.10800361633300781,Var140|Var226|Var23|Var149|Var109|Var134
tabicl,213,Fitness_Club,mitra,4,33,4.104705333709717,1.9876441955566406,0.5157644620106594,3,3,0,-4.74172830581665,-4.409730434417725,category|months_as_member|weight
tabicl,213,splice,tabdpt,15,199,5.25099515914917,4.089235305786133,0.22124565309088565,4,4,0,9.394407272338867,3.3221840858459473,position_-25|position_-3|position_-1|position_9
tabicl,216,jm1,mitra,5,141,11.641862869262695,10.011584281921387,0.14003588649421686,13,13,0,31.31699562072754,3.2007694244384766,lOComment|i|d|total_Opnd|uniq_Op|n|total_Op|l|loc|b|e|v|t
tabicl,216,churn,mitra,1,58,10.265724182128906,5.600765228271484,0.454420834915711,10,10,0,9.982585906982422,8.1520676612854,number_vmail_messages|total_eve_minutes|total_night_calls|total_intl_calls|total_day_charge|account_length|total_intl_minutes|total_intl_charge|total_day_minutes|total_eve_charge
tabicl,216,credit_card_clients_default,mitra,3,18,7.746791839599609,2.2731964588165283,0.7065628577759723,11,11,0,-14.225423336029053,-14.745354652404785,LIMIT_BAL|BILL_AMT2|BILL_AMT5|PAY_AMT6|PAY_AMT4|PAY_AMT2|BILL_AMT3|PAY_AMT5|BILL_AMT4|AGE|PAY_AMT3
tabicl,217,credit_card_clients_default,tabdpt,1,113,15.744641304016113,13.19498062133789,0.1619383149762745,5,5,0,23.39756488800049,0.0,PAY_AMT1|BILL_AMT1|PAY_AMT2|LIMIT_BAL|PAY_AMT5
tabicl,217,heloc,mitra,6,135,10.345370292663574,1.8399697542190552,0.8221455876234928,7,7,0,-49.066245555877686,-40.358543395996094,NumInqLast6M|MSinceMostRecentTradeOpen|MaxDelq2PublicRecLast12M|NumInstallTradesWBalance|NetFractionRevolvingBurden|ExternalRiskEstimate|MSinceOldestTradeOpen
tabicl,217,HR_Analytics_Job_Change_of_Data_Scientists,mitra,5,197,8.9938383102417,6.102424621582031,0.32148828886184017,1,1,0,41.49281978607178,17.318785190582275,training_hours
tabicl,224,students_dropout_and_academic_success,tabpfn,1,148,5.098722457885742,1.6409728527069092,0.6781599966931007,10,10,0,1.7995834350585938,-12.847065925598145,Fathers_occupation|Age_at_enrollment|Inflation_rate|Displaced|Course|Unemployment_rate|Mothers_occupation|GDP|Previous_qualification_grade|Curricular_units_2nd_sem_evaluations
tabicl,224,anneal,tabdpt,30,17,2.9698729515075684,0.0,1.0,2,2,0,-4.079043865203857,-7.963240146636963,lustre|steel
tabicl,224,NATICUSdroid,tabdpt,2,147,4.9512176513671875,0.0,1.0,5,5,0,-0.051975250244140625,0.11682510375976562,android.permission.SYSTEM_ALERT_WINDOW|android.permission.READ_SMS|android.permission.RECEIVE_BOOT_COMPLETED|android.permission.FLASHLIGHT|com.google.android.providers.gsf.permission.READ_GSERVICES
tabicl,225,Fitness_Club,mitra,1,12,4.850927352905273,1.5296509265899658,0.6846683499240942,3,3,0,11.496543884277344,8.875250816345215,months_as_member|days_before|day_of_week
tabicl,225,MIC,tabdpt,7,103,1.9651174545288086,0.0,1.0,3,3,0,-21.175384521484375,-53.908705711364746,TIME_B_S|D_AD_ORIT|INF_ANAM
tabicl,225,anneal,tabdpt,1,36,2.2455034255981445,0.0,1.0,3,3,0,-0.7169246673583984,-0.32198429107666016,bw_me|non-ageing|bl
tabicl,228,MIC,tabdpt,12,103,1.9111824035644531,0.7157701253890991,0.6254830914861129,6,6,0,-20.470023155212402,-25.4705548286438,TIKL_S_n|STENOK_AN|AST_BLOOD|ALT_BLOOD|L_BLOOD|D_AD_ORIT
tabicl,228,Amazon_employee_access,tabpfn,2,19,1.845165491104126,0.0,1.0,2,2,0,-41.855067014694214,-73.10506701469421,ROLE_ROLLUP_1|ROLE_FAMILY
tabicl,228,anneal,tabdpt,3,48,2.878969192504883,0.0,1.0,3,3,0,-3.7460923194885254,-2.507507801055908,lustre|surface-quality|len
tabicl,230,anneal,tabdpt,2,64,1.0547925233840942,0.0,1.0,1,1,0,-3.341555595397949,-3.2969117164611816,width
tabicl,230,MIC,tabdpt,2,103,1.5156742334365845,0.0,1.0,2,2,0,-19.12367343902588,-17.07214117050171,D_AD_ORIT|S_AD_ORIT
tabicl,231,in_vehicle_coupon_recommendation,mitra,1,4,5.7059102058410645,2.5996146202087402,0.5443996616792971,7,7,0,67.00634956359863,46.942710876464844,age|income|toCoupon_GEQ25min|Bar|Restaurant20To50|expiration|toCoupon_GEQ15min
tabicl,231,HR_Analytics_Job_Change_of_Data_Scientists,mitra,1,122,4.849419593811035,0.0,1.0,6,4,2,64.42898511886597,99.75004196166992,gender|company_type|last_new_job|company_size|city_development_index|training_hours
tabicl,231,Amazon_employee_access,mitra,1,187,8.215065002441406,2.7553598880767822,0.664596702855312,4,4,0,-18.715977668762207,-4.649758338928223,MGR_ID|RESOURCE|ROLE_ROLLUP_2|ROLE_DEPTNAME
tabicl,236,MIC,mitra,1,67,8.887433052062988,2.0525832176208496,0.769046562084156,12,12,0,5.77235221862793,4.620015621185303,n_p_ecg_p_05|n_r_ecg_p_10|nr_07|NITR_S|ritm_ecg_p_02|MP_TP_POST|NA_R_1_n|ritm_ecg_p_01|K_BLOOD|NA_BLOOD|ROE|L_BLOOD
tabicl,236,website_phishing,tabpfn,3,104,5.421605587005615,3.0213072299957275,0.4427283243847302,2,2,0,-12.549936771392822,-14.085233211517334,web_traffic|SSLfinal_State
tabicl,236,anneal,tabdpt,29,72,5.174191951751709,2.054520845413208,0.6029291405167805,3,3,0,-2.792179584503174,-3.050088882446289,len|width|thick
tabicl,237,anneal,tabdpt,1,65,3.1541802883148193,2.7018275260925293,0.14341373062855836,2,2,0,-3.015875816345215,-2.3636221885681152,width|thick
tabicl,238,credit_card_clients_default,mitra,1,83,3.582639455795288,3.142258644104004,0.12292077311294132,6,6,0,-1.1880993843078613,-0.15866756439208984,PAY_AMT4|PAY_AMT1|PAY_AMT2|PAY_AMT6|BILL_AMT5|BILL_AMT6
tabicl,238,students_dropout_and_academic_success,mitra,2,109,0.7180396318435669,0.0,1.0,1,1,0,-11.470198631286621,-10.327398777008057,Curricular_units_2nd_sem_grade
tabicl,238,splice,tabdpt,5,168,4.3575119972229,0.0,1.0,9,9,0,-0.02193450927734375,-0.006556510925292969,position_-28|position_-11|position_-10|position_13|position_-6|position_17|position_27|position_-13|position_19
tabicl,239,in_vehicle_coupon_recommendation,mitra,5,198,16.016429901123047,8.918489456176758,0.44316620425183473,3,3,0,-71.5692937374115,-11.128634214401245,education|occupation|temperature
tabicl,239,churn,mitra,4,172,13.48281478881836,9.299490928649902,0.31027080959665737,13,13,0,-95.75414657592773,-26.921391487121582,total_day_charge|total_eve_calls|total_intl_calls|number_customer_service_calls|total_eve_minutes|total_intl_minutes|total_day_calls|state|account_length|total_eve_charge|total_night_minutes|total_day_minutes|total_intl_charge
tabicl,239,splice,tabdpt,19,72,13.44946002960205,10.500329971313477,0.2192749784599222,7,7,0,1.3470649719238281,1.837015151977539,position_30|position_11|position_6|position_-30|position_-18|position_9|position_17
tabicl,240,bank-marketing,tabpfn,6,126,6.647141456604004,2.772897720336914,0.5828435819457383,2,2,0,-5.858659744262695,-3.303647041320801,job|balance
tabicl,240,credit_card_clients_default,mitra,1,31,6.084558963775635,0.0,1.0,9,5,4,-19.989967346191406,-19.120097160339355,PAY_5|BILL_AMT5|PAY_3|BILL_AMT1|BILL_AMT4|PAY_6|BILL_AMT6|PAY_AMT6|BILL_AMT2
tabicl,240,churn,tabdpt,3,127,6.362287521362305,3.1210618019104004,0.5094434523068971,6,6,0,-10.391592979431152,-5.021989345550537,total_night_charge|area_code|number_customer_service_calls|total_day_minutes|total_eve_minutes|total_intl_minutes
tabicl,242,anneal,tabdpt,7,48,24.997055053710938,12.42403507232666,0.5029800492245485,4,4,0,-18.951416015625,-9.650945663452148,hardness|width|len|thick
tabicl,242,MIC,mitra,1,92,10.699647903442383,2.0213382244110107,0.8110836690466526,14,14,0,-60.74713170528412,-51.84927582740784,ROE|np_05|NOT_NA_2_n|fibr_ter_06|ALT_BLOOD|np_10|DLIT_AG|NA_KB|ANT_CA_S_n|D_AD_KBRIG|n_p_ecg_p_09|L_BLOOD|S_AD_KBRIG|AGE
tabicl,242,hazelnut-spread-contaminant-detection,mitra,1,138,1.9857027530670166,0.0,1.0,2,2,0,-126.06090307235718,51.003098487854004,s61|s31
tabicl,243,splice,mitra,1,85,2.1784145832061768,1.0253539085388184,0.529311859898721,7,7,0,-1.725614070892334,5.203664302825928,position_-9|position_29|position_2|position_-28|position_-30|position_9|position_23
tabicl,243,taiwanese_bankruptcy_prediction,mitra,1,187,3.344254493713379,0.0,1.0,15,10,5,43.25723648071289,29.277563095092773,Total_Expense_to_Assets|Gross_Profit_to_Sales|LongTerm_Liability_to_Current_Assets|Net_Income_to_Stockholders_Equity|Net_Profit_Before_Tax_to_PaidIn_Capital|NoCredit_Interval|Operating_Expense_Rate|Continuous_Interest_Rate_After_Tax|Total_Asset_Return_Growth_Rate|Cash_Flow_to_Liability|Average_Collection_Days|Revenue_Per_Person|ROA_C_Before_Interest_Depreciation|Operating_Funds_to_Liability|Net_Value_Per_Share_A
tabicl,243,Amazon_employee_access,tabpfn,2,20,1.6599576473236084,0.807816207408905,0.5133513142872245,4,4,0,-281.25,-219.7265625,ROLE_ROLLUP_1|ROLE_FAMILY|ROLE_ROLLUP_2|RESOURCE
tabicl,246,HR_Analytics_Job_Change_of_Data_Scientists,mitra,1,135,4.544877529144287,0.0,1.0,5,4,1,-23.360490798950195,-21.164774894714355,experience|major_discipline|training_hours|last_new_job|city_development_index
tabicl,246,Fitness_Club,mitra,1,53,6.494992256164551,2.8487045764923096,0.5613998502017402,3,3,0,18.358349800109863,22.314906120300293,months_as_member|category|day_of_week
tabicl,246,website_phishing,tabpfn,2,70,6.644635200500488,1.7000569105148315,0.7441459374042416,2,2,0,-78.48942279815674,-47.50406742095947,URL_of_Anchor|SFH
tabicl,247,maternal_health_risk,mitra,2,25,9.173700332641602,2.949345350265503,0.6784999244229479,3,3,0,135.83773374557495,96.67980670928955,BS|BodyTemp|Age
tabicl,247,students_dropout_and_academic_success,mitra,6,156,4.196922302246094,2.3226914405822754,0.44657268509850045,6,6,0,-46.64117097854614,-20.530283451080322,Course|GDP|Previous_qualification_grade|Admission_grade|Curricular_units_2nd_sem_grade|Unemployment_rate
tabicl,247,website_phishing,mitra,4,120,9.359872817993164,1.7637057304382324,0.8115673402049083,2,2,0,-32.26250410079956,-1.5660524368286133,age_of_domain|SSLfinal_State
tabicl,252,HR_Analytics_Job_Change_of_Data_Scientists,mitra,1,151,2.0395100116729736,0.0,1.0,2,2,0,-25.996237993240356,5.885660648345947,experience|last_new_job
tabicl,252,website_phishing,mitra,2,106,7.4265642166137695,0.0,1.0,2,2,0,-131.03210926055908,-62.10458278656006,SSLfinal_State|Request_URL
tabicl,252,hazelnut-spread-contaminant-detection,mitra,1,138,3.1460623741149902,0.0,1.0,2,2,0,-97.35894203186035,-7.59732723236084,s35|s31
tabicl,254,Amazon_employee_access,mitra,2,93,8.387475967407227,0.718184232711792,0.9143742127545195,3,3,0,-2.683877944946289,-2.2020936012268066,ROLE_FAMILY|ROLE_TITLE|ROLE_FAMILY_DESC
tabicl,254,anneal,tabdpt,20,6,1.3918986320495605,0.9633780121803284,0.30786769237515427,1,1,0,-3.658592700958252,-3.409743309020996,thick
tabicl,254,online_shoppers_intention,tabpfn,1,194,2.4991893768310547,0.0,1.0,4,4,0,-66.26367568969727,-59.86124277114868,PageValues|SpecialDay|Administrative_Duration|OperatingSystems
tabicl,26,online_shoppers_intention,tabpfn,1,150,7.703916549682617,0.0,1.0,5,5,0,-95.69144248962402,-90.21550416946411,Weekend|BounceRates|Month|Administrative_Duration|SpecialDay
tabicl,26,splice,tabdpt,1,174,5.456835746765137,0.0,1.0,13,12,1,-80.78521490097046,-28.606057167053223,position_-21|position_18|position_-11|position_-9|position_24|position_8|position_-8|position_-13|position_17|position_-24|position_21|position_9|position_-25
tabicl,26,NATICUSdroid,tabdpt,2,122,3.51815128326416,1.161630392074585,0.6698179530822171,2,2,0,-0.07659196853637695,-0.07659196853637695,android.permission.GET_ACCOUNTS|android.permission.BLUETOOTH_ADMIN
tabicl,266,GiveMeSomeCredit,mitra,1,157,4.0220818519592285,0.0,1.0,5,3,2,17.684370279312134,15.683352947235107,NumberOfDependents|NumberOfTime30-59DaysPastDueNotWorse|RevolvingUtilizationOfUnsecuredLines|DebtRatio|MonthlyIncome
tabicl,266,website_phishing,tabpfn,4,117,2.8766884803771973,1.7284306287765503,0.39915960988938404,2,2,0,-452.5296688079834,-447.67892360687256,age_of_domain|SSLfinal_State
tabicl,266,hazelnut-spread-contaminant-detection,mitra,1,138,2.6353771686553955,0.6766272783279419,0.7432522045134184,9,9,0,-139.43451642990112,-96.34584188461304,s42|s53|s56|s54|s43|s23|s52|s12|s26
tabicl,304,GiveMeSomeCredit,mitra,1,157,3.3663039207458496,1.8254083395004272,0.4577410767189483,4,4,0,-0.4201531410217285,-3.509148955345154,NumberOfDependents|MonthlyIncome|age|RevolvingUtilizationOfUnsecuredLines
tabicl,304,jm1,mitra,1,190,4.202884197235107,2.0998411178588867,0.5003809243090067,6,6,0,1.3727545738220215,-1.835256814956665,lOComment|i|lOBlank|uniq_Opnd|total_Opnd|loc
tabicl,304,Fitness_Club,mitra,1,81,3.3830363750457764,0.0,1.0,2,2,0,-0.14019012451171875,-129.61173057556152,weight|months_as_member
tabicl,336,NATICUSdroid,tabdpt,1,7,4.667153358459473,0.0,1.0,7,7,0,-0.049054622650146484,-0.024318695068359375,com.android.vending.BILLING|android.permission.CALL_PHONE|android.permission.ACCESS_MOCK_LOCATION|android.permission.USE_CREDENTIALS|android.permission.GET_TASKS|android.permission.ACCESS_COARSE_LOCATION|android.permission.RECORD_AUDIO
tabicl,336,website_phishing,mitra,1,105,3.905116558074951,1.1284701824188232,0.7110277847954661,3,3,0,-94.8033332824707,23.078739643096924,URL_Length|having_IP_Address|URL_of_Anchor
tabicl,336,splice,tabdpt,5,166,4.65622091293335,1.9355416297912598,0.5843106102601353,17,17,0,-0.1595020294189453,-0.29343366622924805,position_23|position_-15|position_25|position_-28|position_14|position_17|position_-27|position_-30|position_-21|position_9|position_27|position_-17|position_30|position_-19|position_12|position_-1|position_10
tabicl,349,splice,tabdpt,1,174,1.1828808784484863,0.0,1.0,3,3,0,27.435362339019775,27.447044849395752,position_-13|position_8|position_-15
tabicl,357,anneal,tabdpt,1,46,1.8987581729888916,0.0,1.0,2,2,0,-3.362596035003662,-3.487825393676758,len|bw_me
tabicl,360,APSFailure,mitra,1,184,4.257136821746826,2.2379841804504395,0.47429827272215086,14,14,0,120.4138994216919,117.21712350845337,ba_002|ai_000|ay_006|ay_002|ba_007|ce_000|cn_006|cs_006|cv_000|ee_000|bs_000|ba_009|cs_004|ba_004
tabicl,360,splice,tabdpt,1,20,5.10048246383667,0.0,1.0,10,10,0,-1.201331615447998,-1.425027847290039,position_-30|position_-9|position_29|position_10|position_-13|position_23|position_12|position_6|position_16|position_11
tabicl,360,MIC,tabdpt,2,139,5.943806171417236,0.0,1.0,8,8,0,-2.624988555908203,-3.215789794921875,n_p_ecg_p_08|NA_R_2_n|nr_03|nr_02|SIM_GIPERT|endocr_03|ANT_CA_S_n|ROE
tabicl,372,splice,tabdpt,12,108,6.855312347412109,4.304459095001221,0.3720987641611749,6,6,0,12.1612548828125,6.289482116699219,position_-5|position_7|position_13|position_16|position_-30|position_18
tabicl,372,Amazon_employee_access,tabpfn,9,95,11.499332427978516,4.49388313293457,0.6092048681016732,5,5,0,1.9680261611938477,-0.799715518951416,ROLE_DEPTNAME|ROLE_TITLE|MGR_ID|ROLE_FAMILY|ROLE_FAMILY_DESC
tabicl,372,maternal_health_risk,mitra,3,61,9.865636825561523,4.7627482414245605,0.5172386409882386,5,5,0,-116.55277013778687,12.602388858795166,Age|BodyTemp|HeartRate|DiastolicBP|BS
tabicl,389,website_phishing,mitra,1,38,2.5528857707977295,0.0,1.0,2,2,0,-74.07444715499878,108.0256700515747,age_of_domain|SSLfinal_State
tabicl,389,MIC,tabdpt,1,26,2.3314731121063232,0.0,1.0,4,4,0,-2.8395652770996094,-3.161132335662842,GEPAR_S_n|NOT_NA_3_n|post_im|NA_KB
tabicl,389,anneal,tabdpt,2,48,1.5649101734161377,0.0,1.0,2,2,0,-4.350125789642334,-8.15802812576294,hardness|width
tabicl,39,students_dropout_and_academic_success,mitra,2,179,9.150466918945312,1.634103536605835,0.8214185624536214,11,11,0,-4.229217767715454,2.407848834991455,Age_at_enrollment|Curricular_units_2nd_sem_enrolled|Curricular_units_1st_sem_approved|International|Displaced|Fathers_occupation|Fathers_qualification|Unemployment_rate|Inflation_rate|GDP|Curricular_units_2nd_sem_grade
tabicl,39,Amazon_employee_access,tabpfn,5,136,9.158143043518066,4.057019233703613,0.557004164007344,2,2,0,-30.46506643295288,-27.104973793029785,ROLE_DEPTNAME|ROLE_ROLLUP_2
tabicl,39,jm1,mitra,1,63,8.835203170776367,6.847280502319336,0.22500022127757685,11,11,0,83.24390649795532,70.77038288116455,uniq_Op|d|lOCode|total_Opnd|i|e|t|loc|total_Op|v|n
tabicl,395,anneal,tabdpt,4,36,3.777785062789917,0.0,1.0,3,3,0,-0.7564425468444824,-0.2409815788269043,bf|condition|bw_me
tabicl,396,anneal,tabdpt,24,69,2.433413505554199,0.0,1.0,3,3,0,-1.9189715385437012,-1.4724135398864746,width|len|thick
tabicl,396,splice,tabdpt,2,174,2.2833075523376465,0.0,1.0,6,6,0,34.1339111328125,20.71702480316162,position_27|position_18|position_29|position_-8|position_-28|position_8
tabicl,396,website_phishing,tabpfn,2,70,3.509514331817627,1.9067407846450806,0.4566938315771024,2,2,0,-124.42541122436523,-100.72427988052368,SFH|URL_of_Anchor
tabicl,40,Bank_Customer_Churn,tabdpt,1,151,6.518077850341797,4.853890419006348,0.25531874112982283,2,2,0,26.32562816143036,8.568793535232544,estimated_salary|credit_card
tabicl,40,Amazon_employee_access,tabpfn,1,136,5.517504692077637,2.2168338298797607,0.5982180435545758,2,2,0,-28.31423282623291,-18.25690269470215,ROLE_DEPTNAME|RESOURCE
tabicl,40,anneal,tabdpt,4,73,6.530807018280029,0.0,1.0,5,5,0,-0.8098483085632324,-0.3459453582763672,width|thick|steel|carbon|formability
tabicl,42,anneal,tabdpt,32,36,5.968918323516846,0.0,1.0,3,3,0,-0.8764266967773438,-1.2116432189941406,bw_me|steel|ferro
tabicl,42,HR_Analytics_Job_Change_of_Data_Scientists,mitra,1,135,2.7688071727752686,0.0,1.0,6,3,3,13.786494731903076,-8.130550384521484,gender|enrolled_university|education_level|experience|training_hours|city_development_index
tabicl,42,students_dropout_and_academic_success,mitra,1,27,4.207232475280762,2.0952281951904297,0.501993719743141,9,9,0,3.928661346435547,0.37980079650878906,Admission_grade|Curricular_units_2nd_sem_grade|Fathers_occupation|Marital_status|Curricular_units_1st_sem_grade|GDP|Unemployment_rate|Course|Previous_qualification_grade
tabicl,421,online_shoppers_intention,tabdpt,1,75,5.609935283660889,2.1961193084716797,0.608530366675005,6,6,0,-4.026234149932861,-1.8329620361328125,PageValues|ProductRelated|SpecialDay|ProductRelated_Duration|ExitRates|Administrative_Duration
tabicl,421,MIC,tabdpt,8,103,1.7165429592132568,0.0,1.0,5,5,0,-22.53323793411255,-30.927062034606934,S_AD_ORIT|ALT_BLOOD|AST_BLOOD|NOT_NA_2_n|np_08
tabicl,421,in_vehicle_coupon_recommendation,tabpfn,1,99,1.9790304899215698,0.0,1.0,3,3,0,-34.87139940261841,-77.44103670120239,Bar|occupation|coupon
tabicl,424,MIC,tabdpt,7,47,1.733546495437622,0.0,1.0,3,3,0,-4.620671272277832,-5.2834153175354,n_p_ecg_p_10|INF_ANAM|n_p_ecg_p_12
tabicl,424,anneal,tabdpt,6,54,1.870808720588684,0.0,1.0,3,3,0,-3.1020641326904297,-2.4667978286743164,width|formability|len
tabicl,424,website_phishing,tabpfn,1,71,3.2149465084075928,1.4940786361694336,0.5352710745693025,4,4,0,-175.67932605743408,-151.65042877197266,URL_Length|popUpWidnow|Request_URL|SFH
tabicl,434,online_shoppers_intention,tabpfn,1,164,4.085498332977295,0.753578782081604,0.8155478914288442,4,4,0,-132.00408220291138,-147.04060554504395,VisitorType|ExitRates|SpecialDay|ProductRelated_Duration
tabicl,434,anneal,tabdpt,3,54,2.8892502784729004,0.0,1.0,4,4,0,-2.769768238067627,-2.7623772621154785,bw_me|thick|bl|len
tabicl,435,anneal,tabdpt,6,82,4.304142951965332,0.0,1.0,3,3,0,-1.3822317123413086,-1.0373592376708984,thick|width|condition
tabicl,436,in_vehicle_coupon_recommendation,tabpfn,2,56,2.147702693939209,0.0,1.0,5,5,0,-30.129611492156982,-45.04716396331787,age|has_children|Restaurant20To50|temperature|education
tabicl,436,website_phishing,tabpfn,3,117,1.696406364440918,0.0,1.0,2,2,0,-441.85203313827515,-399.43867921829224,web_traffic|SSLfinal_State
tabicl,436,Amazon_employee_access,tabpfn,2,137,0.7826645970344543,0.0,1.0,1,1,0,-16.753673553466797,-12.507200241088867,RESOURCE
tabicl,447,anneal,tabdpt,5,4,6.981515884399414,0.0,1.0,5,5,0,-0.4283785820007324,-2.8842687606811523,bf|thick|shape|width|len
tabicl,447,Amazon_employee_access,tabpfn,3,125,5.8303422927856445,0.8257956504821777,0.8583624066971159,4,4,0,-7.339000701904297,-19.028007984161377,RESOURCE|ROLE_TITLE|ROLE_DEPTNAME|MGR_ID
tabicl,447,in_vehicle_coupon_recommendation,tabpfn,2,99,2.6836938858032227,0.0,1.0,2,2,0,-44.33560371398926,-60.15467643737793,Bar|occupation
tabicl,448,anneal,tabdpt,18,74,2.385061502456665,0.0,1.0,2,2,0,-3.461182117462158,-3.49348783493042,thick|surface-quality
tabicl,448,online_shoppers_intention,tabpfn,1,164,3.7022206783294678,0.0,1.0,5,5,0,-138.71169090270996,-227.97060012817383,VisitorType|ProductRelated|Informational_Duration|Administrative_Duration|ProductRelated_Duration
tabicl,448,splice,tabdpt,3,7,3.794410228729248,0.0,1.0,9,9,0,-0.6279349327087402,-0.4959702491760254,position_-26|position_-1|position_13|position_17|position_21|position_-25|position_29|position_-8|position_-4
tabicl,449,Amazon_employee_access,tabpfn,1,136,1.63478422164917,0.0,1.0,2,2,0,-30.46506643295288,-19.145429134368896,ROLE_DEPTNAME|RESOURCE
tabicl,449,anneal,tabdpt,2,46,1.7574303150177002,0.0,1.0,2,2,0,-3.151237964630127,-3.2774806022644043,thick|steel
tabicl,453,MIC,tabdpt,12,103,4.076344013214111,0.0,1.0,8,8,0,-21.67290449142456,-24.11365509033203,AGE|NOT_NA_1_n|SIM_GIPERT|n_r_ecg_p_03|zab_leg_01|SEX|NA_BLOOD|fibr_ter_06
tabicl,453,Diabetes130US,tabpfn,1,22,5.261483192443848,0.0,1.0,6,6,0,-112.14762926101685,-164.4938588142395,diag_1|age|num_lab_procedures|race|num_medications|number_diagnoses
tabicl,453,splice,tabdpt,2,42,2.1405718326568604,0.0,1.0,7,7,0,-1.04522705078125,-1.1818408966064453,position_27|position_13|position_-1|position_-27|position_-14|position_6|position_20
tabicl,458,splice,mitra,1,198,2.836676836013794,1.0270044803619385,0.6379550651229189,13,13,0,-200.0332474708557,-174.16220903396606,position_-29|position_-11|position_-24|position_-21|position_11|position_-13|position_-20|position_-25|position_-14|position_28|position_-17|position_2|position_12
tabicl,458,MIC,tabdpt,15,141,3.271792411804199,0.0,1.0,16,16,0,-3.3093690872192383,-3.589928150177002,S_AD_KBRIG|K_SH_POST|endocr_02|AST_BLOOD|n_p_ecg_p_10|STENOK_AN|ROE|zab_leg_03|TIME_B_S|DLIT_AG|SEX|np_10|GT_POST|NOT_NA_KB|NA_BLOOD|ALT_BLOOD
tabicl,458,website_phishing,tabpfn,2,70,2.4727561473846436,0.0,1.0,2,2,0,-128.18467617034912,-58.033287525177,Request_URL|SFH
tabicl,482,Bank_Customer_Churn,tabpfn,1,99,10.572643280029297,8.801219940185547,0.16754782062777032,2,2,0,0.0,0.21159648895263672,credit_score|estimated_salary
tabicl,482,hazelnut-spread-contaminant-detection,mitra,1,58,9.489439010620117,9.10851764678955,0.04014161041598537,6,6,0,119.7710633277893,6.058692932128906,s26|s36|s43|s46|s52|s16
tabicl,482,in_vehicle_coupon_recommendation,mitra,1,199,12.85503101348877,7.562923431396484,0.4116759871321417,6,6,0,-79.17240262031555,-58.14388394355774,coupon|weather|toCoupon_GEQ25min|expiration|CoffeeHouse|Bar
tabicl,483,NATICUSdroid,tabdpt,1,122,3.701350212097168,0.0,1.0,2,2,0,-0.04559755325317383,-0.007450580596923828,android.permission.ACCESS_LOCATION_EXTRA_COMMANDS|android.permission.READ_LOGS
tabicl,483,anneal,tabdpt,5,26,3.3240084648132324,1.3835351467132568,0.5837750831988348,4,4,0,-2.452731132507324,-2.4689435958862305,strength|width|steel|thick
tabicl,485,anneal,tabdpt,7,36,4.129097938537598,0.0,1.0,3,3,0,-0.8103251457214355,-0.5857944488525391,bw_me|steel|lustre
tabicl,485,MIC,tabdpt,2,131,3.7782034873962402,0.0,1.0,3,3,0,-1.1861324310302734,-0.6073117256164551,GIPO_K|n_r_ecg_p_01|fibr_ter_05
tabicl,485,website_phishing,tabpfn,2,70,1.2741849422454834,0.8304606080055237,0.3482417030121144,1,1,0,-140.02788066864014,-226.52119398117065,having_IP_Address
tabicl,487,splice,tabdpt,1,2,2.5524206161499023,0.0,1.0,11,11,0,-0.9736418724060059,-1.7665624618530273,position_9|position_-15|position_-28|position_-2|position_19|position_18|position_-23|position_-30|position_-27|position_-14|position_20
tabicl,491,online_shoppers_intention,tabpfn,1,164,2.1198158264160156,0.0,1.0,2,2,0,-152.68045663833618,-157.75233507156372,Month|VisitorType
tabicl,491,anneal,tabdpt,2,66,4.471724510192871,3.244703531265259,0.2743954767630999,4,4,0,-2.863764762878418,-3.0698180198669434,cbond|bt|thick|width
tabicl,491,NATICUSdroid,tabdpt,1,103,1.3136005401611328,0.0,1.0,2,2,0,-0.3032088279724121,-0.2751946449279785,android.permission.VIBRATE|android.permission.CHANGE_WIFI_STATE
tabicl,495,in_vehicle_coupon_recommendation,mitra,1,141,4.341662406921387,1.24543035030365,0.7131443595618556,4,4,0,114.13466930389404,110.68546772003174,income|Bar|coupon|maritalStatus
tabicl,495,Fitness_Club,mitra,1,53,2.959170341491699,0.0,1.0,1,1,0,-20.9348201751709,-15.114903450012207,weight
tabicl,495,splice,tabdpt,3,1,3.3863353729248047,0.0,1.0,7,7,0,-1.8032193183898926,-2.3745298385620117,position_23|position_21|position_-1|position_13|position_30|position_17|position_-11
tabicl,499,jm1,mitra,1,131,1.1801739931106567,0.0,1.0,2,2,0,3.8763582706451416,46.93615436553955,locCodeAndComment|branchCount
tabicl,499,APSFailure,mitra,1,178,2.965317487716675,2.296473264694214,0.22555568696877645,13,13,0,-124.97754395008087,-132.00458139181137,by_000|ee_008|az_001|ee_004|cs_008|dg_000|ag_005|az_003|bl_000|ag_003|cn_007|ba_005|ag_004
tabicl,499,MIC,tabdpt,3,103,3.135331869125366,0.0,1.0,14,14,0,-24.84661340713501,-34.58839654922485,n_p_ecg_p_10|np_07|NOT_NA_KB|fibr_ter_02|inf_im|L_BLOOD|GEPAR_S_n|S_AD_ORIT|NOT_NA_2_n|n_p_ecg_p_12|ant_im|ROE|SIM_GIPERT|D_AD_ORIT
tabicl,505,MIC,tabdpt,4,131,2.8603248596191406,0.0,1.0,4,4,0,-1.1919140815734863,-0.719904899597168,fibr_ter_08|nr_07|GIPER_NA|DLIT_AG
tabicl,51,taiwanese_bankruptcy_prediction,mitra,1,44,4.4228057861328125,2.1236038208007812,0.5198514419378099,14,14,0,-0.33098459243774414,-0.1633167266845703,Current_Assets_to_Total_Assets|Inventory_Accounts_Receivable_to_Net_Value|Persistent_EPS_Last_4_Seasons|Total_Expense_to_Assets|Total_Assets_to_GNP_Price|Net_Worth_to_Assets|Cash_to_Total_Assets|Equity_to_LongTerm_Liability|Fixed_Assets_to_Assets|Borrowing_Dependency|Liability_to_Equity|Interest_Coverage_Ratio|Quick_Assets_to_Total_Assets|Revenue_Per_Person
tabicl,51,splice,tabdpt,10,1,4.029496669769287,0.0,1.0,10,10,0,-1.9831657409667969,-2.2048354148864746,position_-30|position_21|position_-21|position_-7|position_11|position_-22|position_24|position_-12|position_18|position_2
tabicl,51,Fitness_Club,mitra,2,90,1.3095706701278687,0.0,1.0,2,2,0,163.75911235809326,226.74298286437988,category|weight
tabicl,57,Diabetes130US,tabpfn,2,134,14.705284118652344,7.825222969055176,0.4678631908152269,5,5,0,-14.329314231872559,-4.939794540405273,num_lab_procedures|num_procedures|diag_3|num_medications|diag_1
tabicl,57,Bank_Customer_Churn,tabdpt,1,30,3.0518112182617188,0.0,1.0,3,3,0,-0.5221962928771973,-9.660005569458008,age|balance|credit_score
tabicl,57,Fitness_Club,tabpfn,1,79,5.306797504425049,2.3057308197021484,0.5655136986516773,3,3,0,4.883408546447754,-15.345752239227295,category|days_before|day_of_week
tabicl,58,in_vehicle_coupon_recommendation,tabdpt,2,90,12.915706634521484,6.856511116027832,0.4691338762912479,6,6,0,-32.05946087837219,-15.590205788612366,education|age|occupation|passenger|Restaurant20To50|toCoupon_GEQ15min
tabicl,58,hazelnut-spread-contaminant-detection,tabdpt,1,86,10.192727088928223,4.416508674621582,0.5666999973521333,6,6,0,45.34820839762688,23.507844656705856,s14|s31|s45|s63|s26|s64
tabicl,58,churn,mitra,1,110,11.146296501159668,1.0495030879974365,0.9058428880042582,10,10,0,54.23778295516968,54.40264940261841,total_eve_calls|number_customer_service_calls|total_day_minutes|area_code|total_intl_charge|total_day_charge|account_length|total_eve_minutes|number_vmail_messages|total_night_calls
tabicl,6,hazelnut-spread-contaminant-detection,mitra,5,122,4.956942558288574,0.0,1.0,5,1,4,7.6392292976379395,7.6392292976379395,s63|s21|s43|s35|s12
tabicl,6,NATICUSdroid,mitra,2,108,4.274776935577393,1.912656307220459,0.5525716695759899,7,7,0,-5.006611347198486,-2.215266227722168,com.sec.android.provider.badge.permission.READ|android.permission.SET_WALLPAPER_HINTS|android.permission.KILL_BACKGROUND_PROCESSES|android.permission.CHANGE_NETWORK_STATE|android.permission.READ_LOGS|com.google.android.providers.gsf.permission.READ_GSERVICES|android.permission.ACCESS_WIFI_STATE
tabicl,6,qsar-biodeg,mitra,2,30,3.1592092514038086,1.8212549686431885,0.42350923167438,7,7,0,-162.12749481201172,-64.17989730834961,Freq_CN_At_Dist4|Laplace_MoharIndex2|Freq_CN_At_Dist2|Lopping_Centric_Index|Weighted_SpectralMoment6_Burden_Matrix|Weighted_LeadingEigenvalue_Burden_Matrix|Weighted_HyperWiener_Index_Burden_Matrix
tabicl,608,splice,tabdpt,1,2,3.7328062057495117,0.0,1.0,8,8,0,-1.100778579711914,-1.166224479675293,position_26|position_11|position_-13|position_28|position_4|position_29|position_-23|position_-16
tabicl,66,Bank_Customer_Churn,tabdpt,1,151,1.5173873901367188,0.0,1.0,2,1,1,-19.17870342731476,-19.17870342731476,credit_score|estimated_salary
tabicl,66,credit-g,tabpfn,1,72,5.352065563201904,0.0,1.0,4,1,3,-46.10145092010498,-45.12465000152588,checking_status|personal_status_sex|duration_months|credit_amount
tabicl,66,in_vehicle_coupon_recommendation,tabpfn,1,56,4.153996467590332,2.0755562782287598,0.5003471248898878,3,3,0,-38.26475143432617,-54.70627546310425,toCoupon_GEQ15min|occupation|Bar
tabicl,8,hazelnut-spread-contaminant-detection,mitra,1,69,7.335366249084473,4.136005401611328,0.4361555699924945,13,13,0,-36.52682714164257,-24.89209733903408,s16|s54|s32|s31|s51|s53|s21|s56|s52|s12|s15|s65|s61
tabicl,8,students_dropout_and_academic_success,tabpfn,1,196,3.503190517425537,1.811628818511963,0.48286317586766236,6,6,0,4.04667854309082,5.9389472007751465,Curricular_units_1st_sem_grade|Mothers_occupation|Fathers_occupation|Previous_qualification_grade|Inflation_rate|Unemployment_rate
tabicl,8,in_vehicle_coupon_recommendation,mitra,1,122,8.446039199829102,4.0305495262146,0.522788205115582,8,8,0,-78.61405611038208,-45.84383964538574,maritalStatus|CarryAway|Restaurant20To50|toCoupon_GEQ15min|has_children|time|age|occupation
tabicl,808,anneal,tabdpt,4,48,4.004617214202881,1.211338996887207,0.69751441096766,5,5,0,-3.8240551948547363,-10.842442512512207,hardness|thick|width|len|cbond
tabicl,808,splice,tabdpt,2,174,0.6856136918067932,0.0,1.0,1,1,0,27.411699295043945,53.67481708526611,position_-17
tabicl,87,students_dropout_and_academic_success,mitra,22,147,3.276838779449463,0.0,1.0,5,1,4,-96.07326984405518,-96.07326984405518,Curricular_units_1st_sem_enrolled|Unemployment_rate|Admission_grade|Curricular_units_1st_sem_grade|Nationality
tabicl,87,splice,tabdpt,15,152,4.483892440795898,0.0,1.0,8,4,4,-5.518674850463867,-5.518674850463867,position_18|position_-12|position_-2|position_11|position_-13|position_-7|position_25|position_30
tabicl,87,SDSS17,mitra,4,153,16.1705265045166,1.4556465148925781,0.9099815015617456,4,4,0,13.352513313293457,13.101160526275635,alpha|redshift|r|plate
tabicl,89,students_dropout_and_academic_success,mitra,19,197,8.499151229858398,6.752131462097168,0.20555226286876377,4,4,0,-64.93538618087769,-11.707603931427002,Mothers_qualification|Daytimeevening_attendance|Age_at_enrollment|Curricular_units_1st_sem_grade
tabicl,89,splice,mitra,4,132,8.43661117553711,6.43345832824707,0.23743571981821363,4,4,0,0.828862190246582,0.24145841598510742,position_27|position_19|position_-14|position_-13
tabicl,89,MIC,tabpfn,1,72,10.246766090393066,4.882473945617676,0.5235107445074523,13,13,0,-105.44973611831665,-93.74606609344482,ROE|NA_R_2_n|NA_R_3_n|TIME_B_S|endocr_01|nr_02|fibr_ter_07|L_BLOOD|GT_POST|ALT_BLOOD|np_05|nr_04|R_AB_2_n
tabicl,9,churn,mitra,1,130,7.287220478057861,5.522632598876953,0.2421482764922729,7,7,0,-95.47072649002075,-17.575383186340332,total_day_charge|total_day_calls|state|total_intl_minutes|total_night_charge|account_length|total_intl_charge
tabicl,9,APSFailure,mitra,3,192,5.9684343338012695,0.0,1.0,28,3,25,-94.87421810626984,-98.91998022794724,dt_000|ee_003|ee_004|bd_000|az_009|dp_000|ay_001|ee_006|ay_009|cs_009|bt_000|cn_009|ao_000|bk_000|ba_001|be_000|bu_000|an_000|cn_005|dx_000|az_006|ee_007|cn_003|cn_002|cn_006|ba_007|cb_000|bp_000
tabicl,9,in_vehicle_coupon_recommendation,tabpfn,3,23,6.597026824951172,2.96425461769104,0.5506680969554827,4,4,0,-1.187443733215332,1.0691285133361816,occupation|direction_opp|RestaurantLessThan20|income
tabicl,90,Diabetes130US,tabdpt,2,40,15.739456176757812,8.812013626098633,0.44013226841273057,4,4,0,-37.61476278305054,-17.445921897888184,glimepiride|admission_source_id|diag_1|diag_2
tabicl,90,jm1,mitra,1,174,11.543245315551758,3.196807384490967,0.7230581784323655,6,6,0,-159.4105064868927,-104.72318530082703,ev(g)|branchCount|v(g)|iv(g)|loc|l
tabicl,90,credit_card_clients_default,mitra,2,186,6.541948318481445,4.2973527908325195,0.3431081106690788,13,13,0,62.585294246673584,23.16945791244507,PAY_3|MARRIAGE|PAY_AMT3|SEX|PAY_AMT4|LIMIT_BAL|BILL_AMT6|PAY_4|BILL_AMT3|PAY_5|BILL_AMT1|PAY_AMT6|BILL_AMT5
tabicl,96,hazelnut-spread-contaminant-detection,mitra,1,138,3.5762407779693604,2.3866641521453857,0.33263325924588133,10,10,0,-218.65439414978027,-288.38640451431274,s54|s53|s21|s65|s46|s43|s64|s32|s14|s31
tabicl,96,APSFailure,mitra,1,178,2.575385093688965,0.0,1.0,4,4,0,-128.74752283096313,-137.48076558113098,bo_000|dx_000|cy_000|bc_000
tabicl,96,anneal,tabdpt,19,74,3.295879602432251,0.0,1.0,4,4,0,-3.2134056091308594,-3.74525785446167,len|cbond|bl|thick
tabicl_v2,102,Amazon_employee_access,tabpfn,10,17,1.9568092823028564,0.7524005174636841,0.6154962446936949,4,4,0,-2.3246407508850098,-1.3187490403652191,ROLE_ROLLUP_1|RESOURCE|MGR_ID|ROLE_FAMILY_DESC
tabicl_v2,102,heloc,tabdpt,1,131,3.367380380630493,2.147059917449951,0.3623945991370463,5,5,0,-6.0440897941589355,-2.3706555366516113,NumInstallTradesWBalance|NumInqLast6M|MaxDelq2PublicRecLast12M|NumSatisfactoryTrades|PercentTradesWBalance
tabicl_v2,102,MIC,tabdpt,21,8,2.5559966564178467,0.8873594403266907,0.652832315684521,15,15,0,-0.08785724639892578,-0.0584721565246582,FK_STENOK|n_r_ecg_p_08|n_r_ecg_p_09|np_05|SEX|fibr_ter_02|ritm_ecg_p_02|ritm_ecg_p_01|n_p_ecg_p_08|nr_03|n_r_ecg_p_06|endocr_01|NOT_NA_1_n|np_04|GIPER_NA
tabicl_v2,104,Bank_Customer_Churn,tabpfn,3,125,1.538949966430664,0.0,1.0,3,3,0,-10.423094034194946,-6.34765625,tenure|products_number|credit_card
tabicl_v2,104,churn,tabdpt,3,192,4.642702102661133,0.0,1.0,4,4,0,-46.829283237457275,-46.829283237457275,total_eve_charge|total_night_minutes|total_intl_calls|account_length
tabicl_v2,104,credit_card_clients_default,tabdpt,3,161,1.968603491783142,0.0,1.0,5,2,3,7.371485233306885,7.371485233306885,PAY_0|PAY_AMT5|AGE|PAY_AMT3|PAY_AMT6
tabicl_v2,112,taiwanese_bankruptcy_prediction,mitra,3,172,5.488735198974609,1.4893224239349365,0.7286583575368752,6,6,0,5.061626434326172,3.939509391784668,NonIndustry_Income_Expenditure_Revenue|Net_Value_Growth_Rate|Total_Asset_Turnover|Current_Asset_Turnover_Rate|Current_Liabilities_to_Liability|Equity_to_LongTerm_Liability
tabicl_v2,112,Marketing_Campaign,tabpfn,2,117,4.558223724365234,2.763701915740967,0.3936888395872161,5,5,0,3.3472180366516113,1.7267465591430664,MntFishProducts|NumStorePurchases|Year_Birth|MntGoldProds|Income
tabicl_v2,112,coil2000_insurance_policies,tabpfn,3,58,4.174380302429199,0.0,1.0,10,5,5,-7.410764694213867,-7.812738418579102,noCar|numberOfTrailerPolicies|income30To45k|nationalHealthService|skilledLabourers|socialClassA|romanCatholic|householdWithChildren|contributionDeliveryVanPolicies|avgSizeHousehold
tabicl_v2,116,hazelnut-spread-contaminant-detection,mitra,18,90,14.030473709106445,10.564312934875488,0.24704517082564745,7,7,0,-47.5153923034668,-2.6439428329467773,s65|s31|s46|s56|s14|s64|s24
tabicl_v2,116,customer_satisfaction_in_airline,mitra,8,45,6.711697578430176,4.26719331741333,0.3642154957745578,4,4,0,-33.45900774002075,-7.702052593231201,DepartureArrivaltimeconvenient|Cleanliness|Age|FlightDistance
tabicl_v2,116,NATICUSdroid,tabpfn,3,98,5.2017693519592285,1.343798041343689,0.7416652007383695,5,5,0,-124.92579221725464,-82.2305679321289,android.permission.ACCESS_LOCATION_EXTRA_COMMANDS|android.permission.KILL_BACKGROUND_PROCESSES|android.permission.SEND_SMS|com.android.launcher.permission.UNINSTALL_SHORTCUT|android.permission.CLEAR_APP_CACHE
tabicl_v2,130,Fitness_Club,mitra,1,45,2.8757030963897705,0.9082453846931458,0.684165800762471,2,2,0,-29.42708134651184,-102.6078462600708,category|days_before
tabicl_v2,130,anneal,tabpfn,1,7,2.5200114250183105,0.0,1.0,3,3,0,3.2198429107666016,-1.6136765480041504,thick|bt|width
tabicl_v2,130,NATICUSdroid,tabpfn,1,155,3.182243585586548,1.479678750038147,0.5350202741423975,3,3,0,-1.10548734664917,-1.8964409828186035,android.permission.CALL_PHONE|android.permission.READ_SYNC_SETTINGS|android.permission.WRITE_EXTERNAL_STORAGE
tabicl_v2,133,GiveMeSomeCredit,tabpfn,1,144,4.389666557312012,2.1792995929718018,0.5035386937666892,4,4,0,18.281638622283936,18.447518348693848,age|NumberOfTime30-59DaysPastDueNotWorse|RevolvingUtilizationOfUnsecuredLines|NumberOfOpenCreditLinesAndLoans
tabicl_v2,133,MIC,mitra,1,98,4.0204010009765625,3.2991786003112793,0.17939066289409863,10,10,0,7.1784257888793945,1.4587044715881348,R_AB_3_n|NA_R_1_n|MP_TP_POST|n_p_ecg_p_07|TRENT_S_n|endocr_01|LID_KB|AGE|n_r_ecg_p_04|K_BLOOD
tabicl_v2,133,HR_Analytics_Job_Change_of_Data_Scientists,mitra,1,99,3.0466742515563965,1.927217721939087,0.36743558292962697,4,4,0,46.30154371261597,4.362046718597412,experience|city|training_hours|major_discipline
tabicl_v2,134,taiwanese_bankruptcy_prediction,mitra,1,92,5.269723892211914,0.0,1.0,3,2,1,-1.1979937553405762,-1.1979937553405762,Net_Income_to_Stockholders_Equity|NonIndustry_Income_Expenditure_Revenue|Contingent_Liabilities_to_Net_Worth
tabicl_v2,134,maternal_health_risk,tabpfn,10,32,3.834129810333252,0.0,1.0,5,5,0,-9.81992483139038,-51.06240510940552,BodyTemp|BS|SystolicBP|Age|DiastolicBP
tabicl_v2,134,Marketing_Campaign,tabpfn,2,195,4.609364032745361,1.0138897895812988,0.7800369460128276,5,5,0,-2.546370029449463,-3.0944347381591797,NumWebVisitsMonth|NumWebPurchases|AcceptedCmp3|Income|MntFishProducts
tabicl_v2,139,Amazon_employee_access,mitra,2,96,0.9538305401802063,0.0,1.0,1,1,0,-0.5471706390380859,-2.4774670600891113,ROLE_DEPTNAME
tabicl_v2,139,customer_satisfaction_in_airline,tabpfn,2,161,3.1356258392333984,0.0,1.0,7,7,0,-4.631519317626953,0.887751579284668,Gatelocation|Inflightentertainment|DepartureArrivaltimeconvenient|Cleanliness|Foodanddrink|Onlineboarding|Inflightwifiservice
tabicl_v2,139,maternal_health_risk,tabpfn,6,45,1.851948618888855,0.0,1.0,2,2,0,-338.3738398551941,-126.62488222122192,Age|BS
tabicl_v2,140,E-CommereShippingData,mitra,3,17,2.519470691680908,1.7181687355041504,0.31804376959914366,1,1,0,-6.205379962921143,-21.927714347839355,Cost_of_the_Product
tabicl_v2,140,hazelnut-spread-contaminant-detection,tabdpt,6,133,1.9756250381469727,0.0,1.0,4,4,0,-0.08016824722290039,-0.5204081535339355,s46|s45|s12|s36
tabicl_v2,140,splice,tabdpt,7,2,3.258251428604126,0.0,1.0,6,6,0,-3.007650375366211,-5.4912567138671875,position_-28|position_-5|position_-6|position_-16|position_5|position_-15
tabicl_v2,151,MIC,tabdpt,15,64,1.0752705335617065,0.0,1.0,2,2,0,-0.18268823623657227,-0.43779611587524414,ALT_BLOOD|ZSN_A
tabicl_v2,151,customer_satisfaction_in_airline,tabdpt,1,134,0.6748934388160706,0.0,1.0,1,1,0,-0.03653764724731445,-0.07367134094238281,Age
tabicl_v2,151,splice,tabdpt,5,10,1.338726282119751,0.0,1.0,6,6,0,-0.9693503379821777,-0.7558465003967285,position_20|position_-10|position_7|position_-20|position_-3|position_-15
tabicl_v2,153,customer_satisfaction_in_airline,tabdpt,1,155,0.7269846200942993,0.0,1.0,2,2,0,-0.3534555435180664,0.0,Inflightwifiservice|DepartureArrivaltimeconvenient
tabicl_v2,153,heloc,tabdpt,1,122,1.4783542156219482,1.255826473236084,0.15052396782475175,4,4,0,-1.443922519683838,-2.9058456420898438,NetFractionInstallBurden|NumTradesOpeninLast12M|PercentTradesWBalance|MSinceOldestTradeOpen
tabicl_v2,153,Bank_Customer_Churn,mitra,1,118,1.2627118825912476,0.0,1.0,3,3,0,3.917396068572998,12.087345123291016,credit_score|credit_card|age
tabicl_v2,157,customer_satisfaction_in_airline,tabdpt,1,160,1.2764497995376587,0.0,1.0,5,5,0,0.017821788787841797,0.02658367156982422,Age|DepartureArrivaltimeconvenient|Onlinesupport|Class|Legroomservice
tabicl_v2,159,churn,mitra,7,12,5.205116271972656,0.0,1.0,5,2,3,-16.019821166992188,-16.019821166992188,international_plan|total_intl_minutes|total_eve_calls|state|total_night_minutes
tabicl_v2,159,GiveMeSomeCredit,mitra,4,140,3.921755313873291,0.0,1.0,5,5,0,-59.9103569984436,-47.92308807373047,age|MonthlyIncome|NumberOfTime30-59DaysPastDueNotWorse|DebtRatio|NumberOfOpenCreditLinesAndLoans
tabicl_v2,159,heloc,tabdpt,1,120,1.2592796087265015,0.0,1.0,3,1,2,-3.727853298187256,-3.727853298187256,NumInqLast6Mexcl7days|MSinceOldestTradeOpen|NumSatisfactoryTrades
tabicl_v2,164,anneal,tabdpt,16,55,0.767248272895813,0.0,1.0,1,1,0,0.5081892013549805,-0.07480382919311523,width
tabicl_v2,164,jm1,tabpfn,1,146,0.6897821426391602,0.0,1.0,1,1,0,0.7849931716918945,-0.28711557388305664,locCodeAndComment
tabicl_v2,164,maternal_health_risk,tabpfn,4,94,2.1804685592651367,0.0,1.0,2,2,0,264.1085386276245,264.3650770187378,BodyTemp|BS
tabicl_v2,167,credit_card_clients_default,tabpfn,4,19,4.100699424743652,0.0,1.0,5,1,4,14.505863189697266,14.563262462615967,PAY_4|PAY_AMT3|BILL_AMT6|AGE|PAY_AMT5
tabicl_v2,167,Marketing_Campaign,tabdpt,2,72,1.3749972581863403,0.0,1.0,5,1,4,-2.913832664489746,-2.913832664489746,MntMeatProducts|MntFruits|MntGoldProds|MntSweetProducts|Income
tabicl_v2,167,customer_satisfaction_in_airline,tabdpt,2,79,0.9155070781707764,0.0,1.0,3,3,0,-1.6734600067138672,-1.7981529235839844,FlightDistance|Inflightentertainment|Class
tabicl_v2,170,Bank_Customer_Churn,mitra,1,109,0.7457916140556335,0.0,1.0,2,2,0,-3.2770633697509766,-2.342402935028076,credit_card|balance
tabicl_v2,170,churn,tabdpt,1,145,0.5427911877632141,0.0,1.0,2,2,0,-0.29987096786499023,-0.6041526794433594,total_night_minutes|number_vmail_messages
tabicl_v2,170,Diabetes130US,tabpfn,2,190,1.2250887155532837,0.0,1.0,3,3,0,-1.7786026000976562,-2.6505589485168457,glipizide|gender|num_medications
tabicl_v2,173,Amazon_employee_access,tabpfn,5,162,1.1118837594985962,0.0,1.0,2,2,0,-0.28437376022338867,-0.6853938102722168,RESOURCE|ROLE_ROLLUP_2
tabicl_v2,173,maternal_health_risk,mitra,2,22,5.728376388549805,0.0,1.0,4,1,3,63.279569149017334,57.50167369842529,BS|DiastolicBP|HeartRate|BodyTemp
tabicl_v2,173,splice,tabdpt,15,86,3.270197629928589,1.906480312347412,0.41701373186150714,15,15,0,-0.4953742027282715,-0.06783008575439453,position_13|position_-6|position_-8|position_6|position_-14|position_28|position_-23|position_14|position_12|position_25|position_-28|position_21|position_-13|position_11|position_22
tabicl_v2,176,MIC,tabdpt,25,110,1.9598467350006104,0.0,1.0,7,3,4,4.231750965118408,4.21983003616333,GIPER_NA|AGE|LID_S_n|ritm_ecg_p_02|INF_ANAM|L_BLOOD|AST_BLOOD
tabicl_v2,176,Marketing_Campaign,tabdpt,3,155,2.000345230102539,0.0,1.0,7,1,6,-8.423328399658203,-8.423328399658203,NumDealsPurchases|Income|MntFishProducts|Marital_Status|Education|MntFruits|Recency
tabicl_v2,176,E-CommereShippingData,mitra,1,54,1.256394386291504,0.9605399966239929,0.23547891720591305,1,1,0,27.034223079681396,-1.39540433883667,Cost_of_the_Product
tabicl_v2,177,Bank_Customer_Churn,mitra,4,69,4.8491902351379395,1.9380831718444824,0.6003284924149089,4,4,0,5.904257297515869,3.5814642906188965,age|tenure|estimated_salary|credit_score
tabicl_v2,177,jm1,tabpfn,3,152,2.6351351737976074,1.7392257452011108,0.3399861371458082,10,10,0,-0.48828125,-0.48828125,lOBlank|iv(g)|v(g)|uniq_Op|n|b|lOCode|d|i|total_Op
tabicl_v2,177,anneal,tabdpt,23,36,1.7730494737625122,0.0,1.0,3,3,0,0.010609626770019531,-0.07206201553344727,len|surface-quality|width
tabicl_v2,1813,credit-g,tabpfn,1,80,2.3557214736938477,0.0,1.0,7,7,0,-2.134382724761963,-99.99513626098633,credit_amount|other_debtors|age_years|residence_since|people_liable|duration_months|existing_credits_count
tabicl_v2,1813,customer_satisfaction_in_airline,tabpfn,1,54,2.394228458404541,1.1687114238739014,0.5118630305427478,3,3,0,-1.736462116241455,-5.881071090698242,Cleanliness|Onboardservice|CustomerType
tabicl_v2,1813,splice,tabdpt,2,21,1.7574565410614014,0.0,1.0,8,8,0,-1.0301470756530762,-1.0849237442016602,position_-19|position_-21|position_-16|position_-15|position_-14|position_-26|position_-11|position_-13
tabicl_v2,189,Fitness_Club,mitra,1,45,1.6204679012298584,0.8306682109832764,0.4873899011804933,4,4,0,28.008222579956055,-23.145467042922974,day_of_week|days_before|time|weight
tabicl_v2,189,maternal_health_risk,tabpfn,2,46,2.103928565979004,0.0,1.0,3,3,0,-23.43893051147461,-215.93230962753296,BodyTemp|SystolicBP|BS
tabicl_v2,189,splice,tabdpt,2,39,0.6602941751480103,0.0,1.0,2,2,0,-5.010068416595459,-4.224956035614014,position_-14|position_-11
tabicl_v2,190,Bank_Customer_Churn,mitra,3,141,1.0417859554290771,0.0,1.0,2,2,0,-0.003248453140258789,1.7526745796203613,balance|age
tabicl_v2,190,anneal,tabdpt,29,81,1.4865293502807617,0.0,1.0,2,2,0,-0.33658742904663086,-0.2428293228149414,bw_me|width
tabicl_v2,190,MIC,tabdpt,21,109,1.780128836631775,0.7388635277748108,0.5849381726926954,7,7,0,2.0698904991149902,2.041339874267578,S_AD_ORIT|ritm_ecg_p_01|zab_leg_01|n_p_ecg_p_09|L_BLOOD|AGE|K_BLOOD
tabicl_v2,193,hazelnut-spread-contaminant-detection,tabdpt,9,159,0.9826912879943848,0.0,1.0,6,1,5,2.4140477180480957,2.4140477180480957,s51|s23|s26|s52|s43|s64
tabicl_v2,193,Marketing_Campaign,tabdpt,2,139,1.8987237215042114,0.0,1.0,7,1,6,-16.824662685394287,-16.824662685394287,MntFishProducts|NumWebVisitsMonth|Income|MntGoldProds|Recency|Year_Birth|MntWines
tabicl_v2,193,Amazon_employee_access,mitra,1,101,1.3189637660980225,0.0,1.0,1,1,0,-0.19890069961547852,-4.122138023376465,ROLE_TITLE
tabicl_v2,196,customer_satisfaction_in_airline,tabpfn,5,193,3.4168643951416016,2.4385626316070557,0.2863156538859375,3,3,0,-63.34051489830017,-19.742608070373535,CustomerType|Onlinesupport|FlightDistance
tabicl_v2,196,online_shoppers_intention,tabdpt,2,180,5.492003440856934,3.960822105407715,0.2788019621506836,5,5,0,134.99712944030762,38.75613212585449,VisitorType|Informational_Duration|SpecialDay|BounceRates|ExitRates
tabicl_v2,196,GiveMeSomeCredit,tabpfn,1,196,6.48265266418457,5.22747802734375,0.19362052879609343,3,3,0,-43.25036704540253,-9.079024195671082,MonthlyIncome|NumberOfOpenCreditLinesAndLoans|RevolvingUtilizationOfUnsecuredLines
tabicl_v2,198,coil2000_insurance_policies,tabpfn,1,162,4.709474086761475,1.8100576400756836,0.6156560994434962,8,8,0,2.2816285490989685,1.0314732789993286,incomeLessThan30k|contributionSocialSecurityInsurancePolicies|numberOfThirdPartyInsuranceAgriculture|contributionDeliveryVanPolicies|otherReligion|romanCatholic|highLevelEducation|numberOfBicyclePolicies
tabicl_v2,198,GiveMeSomeCredit,tabpfn,2,144,4.335861682891846,0.0,1.0,4,4,0,-5.964517593383789,-24.203777313232422,NumberRealEstateLoansOrLines|NumberOfTime30-59DaysPastDueNotWorse|DebtRatio|NumberOfOpenCreditLinesAndLoans
tabicl_v2,198,churn,mitra,1,49,7.070483684539795,0.9348861575126648,0.8677762089237443,4,4,0,-13.207197189331055,-16.306519508361816,number_customer_service_calls|area_code|total_intl_minutes|total_night_charge
tabicl_v2,199,heloc,mitra,1,126,5.4298295974731445,3.2652499675750732,0.39864595951692333,6,6,0,-8.579909801483154,-1.556098461151123,NetFractionInstallBurden|AverageMInFile|MSinceMostRecentInqexcl7days|NetFractionRevolvingBurden|PercentTradesWBalance|NumTotalTrades
tabicl_v2,199,NATICUSdroid,tabpfn,1,155,5.4249773025512695,0.0,1.0,4,4,0,-0.9270310401916504,-0.93841552734375,android.permission.VIBRATE|android.permission.DISABLE_KEYGUARD|android.permission.WRITE_CONTACTS|android.permission.WRITE_EXTERNAL_STORAGE
tabicl_v2,199,splice,tabdpt,3,158,4.289178371429443,2.1285505294799805,0.5037393306703157,11,11,0,-0.23752450942993164,-0.2707242965698242,position_-25|position_10|position_-4|position_-11|position_-10|position_-20|position_-13|position_-12|position_-22|position_19|position_23
tabicl_v2,200,Bank_Customer_Churn,mitra,2,70,1.4708670377731323,0.0,1.0,3,3,0,-1.4545917510986328,-0.8762478828430176,estimated_salary|country|credit_score
tabicl_v2,200,customer_satisfaction_in_airline,tabdpt,1,88,0.5691726207733154,0.0,1.0,4,1,3,3.4342408180236816,5.081355571746826,Onlinesupport|Class|ArrivalDelayinMinutes|DepartureDelayinMinutes
tabicl_v2,200,churn,tabdpt,1,124,1.089892029762268,0.0,1.0,2,2,0,-4.195272922515869,-8.14145803451538,account_length|total_intl_calls
tabicl_v2,2047,hazelnut-spread-contaminant-detection,tabdpt,3,69,1.1539604663848877,0.0,1.0,7,1,6,-3.5615116357803345,-3.5615116357803345,s53|s34|s65|s25|s64|s45|s62
tabicl_v2,205,Amazon_employee_access,mitra,1,54,1.4882736206054688,0.0,1.0,2,2,0,-2.6466846466064453,-3.934025764465332,ROLE_FAMILY|ROLE_ROLLUP_1
tabicl_v2,205,APSFailure,mitra,1,53,2.0657060146331787,1.088921308517456,0.47285756017376795,16,16,0,-0.3432035446166992,-0.16450881958007812,ba_009|dh_000|br_000|ar_000|ak_000|df_000|dy_000|bs_000|ag_008|ba_007|dv_000|dt_000|cn_008|ax_000|cn_007|cn_009
tabicl_v2,205,Diabetes130US,tabpfn,1,99,2.7456436157226562,0.9106901288032532,0.668314517008589,3,3,0,-0.4883408546447754,-0.32013654708862305,num_procedures|time_in_hospital|num_lab_procedures
tabicl_v2,212,coil2000_insurance_policies,tabdpt,1,6,2.0796406269073486,1.1153055429458618,0.46370275300668545,8,8,0,2.5669336318969727,0.9987950325012207,oneCar|socialClassD|socialClassA|socialClassB2|socialClassC|unskilledLabourers|lowerLevelEducation|married
tabicl_v2,212,bank-marketing,mitra,2,73,8.30713176727295,0.8545197248458862,0.8971342036233998,3,3,0,-13.101756572723389,-12.654900550842285,balance|marital|job
tabicl_v2,212,Is-this-a-good-customer,tabdpt,1,114,3.985299825668335,3.1704602241516113,0.20446130458454903,1,1,0,-29.139399528503418,-3.898322582244873,credit_amount
tabicl_v2,216,GiveMeSomeCredit,tabdpt,2,162,2.0352015495300293,0.0,1.0,1,1,0,-23.36329221725464,-23.36329221725464,RevolvingUtilizationOfUnsecuredLines
tabicl_v2,216,Bank_Customer_Churn,mitra,1,167,1.5857181549072266,0.0,1.0,3,3,0,36.07626259326935,42.31153428554535,balance|gender|credit_card
tabicl_v2,216,Diabetes130US,tabpfn,1,143,2.3177084922790527,0.6595853567123413,0.7154148768451218,4,4,0,1.46484375,1.0861754417419434,admission_source_id|A1Cresult|diag_2|diag_1
tabicl_v2,219,MIC,tabdpt,17,145,1.025146245956421,0.0,1.0,3,3,0,-0.010728836059570312,-0.3267526626586914,INF_ANAM|endocr_01|nr_02
tabicl_v2,219,anneal,tabdpt,16,81,2.322594165802002,0.0,1.0,4,4,0,0.15652179718017578,-0.2740621566772461,bw_me|packing|width|thick
tabicl_v2,219,Bank_Customer_Churn,tabdpt,1,105,2.004242420196533,0.0,1.0,4,1,3,-23.193299770355225,-23.193299770355225,age|balance|credit_score|estimated_salary
tabicl_v2,221,Marketing_Campaign,tabpfn,2,173,8.4908447265625,2.867530345916748,0.6622797332583349,6,6,0,-3.451406955718994,-2.376675605773926,Kidhome|Recency|MntFruits|MntWines|MntFishProducts|NumWebVisitsMonth
tabicl_v2,221,splice,mitra,2,11,13.915786743164062,13.759352684020996,0.011241481493664917,4,4,0,-0.4354119300842285,-0.0030994415283203125,position_-30|position_-16|position_29|position_-28
tabicl_v2,221,customer_satisfaction_in_airline,mitra,6,1,6.8201518058776855,0.8392362594604492,0.8769475690061348,4,4,0,-0.8665323257446289,-0.6964206695556641,ArrivalDelayinMinutes|Age|FlightDistance|DepartureDelayinMinutes
tabicl_v2,222,GiveMeSomeCredit,tabpfn,4,113,11.3985595703125,1.9175975322723389,0.8317684335074483,4,4,0,-79.89615201950073,-88.35732936859131,MonthlyIncome|NumberOfTimes90DaysLate|NumberOfTime60-89DaysPastDueNotWorse|age
tabicl_v2,222,splice,mitra,12,112,9.844237327575684,7.094359397888184,0.2793388495403844,6,6,0,-3.790557384490967,-0.9304285049438477,position_30|position_-6|position_-10|position_-15|position_27|position_14
tabicl_v2,222,anneal,mitra,2,54,14.822266578674316,13.654374122619629,0.07879310831819773,2,2,0,0.11545419692993164,-0.0045299530029296875,width|len
tabicl_v2,225,Amazon_employee_access,tabdpt,1,166,1.7258062362670898,0.0,1.0,6,2,4,-4.440188407897949,-4.440188407897949,ROLE_ROLLUP_1|ROLE_ROLLUP_2|ROLE_DEPTNAME|ROLE_FAMILY_DESC|MGR_ID|ROLE_TITLE
tabicl_v2,225,Diabetes130US,tabpfn,1,74,1.1121152639389038,0.0,1.0,2,2,0,0.2295374870300293,0.43082237243652344,num_procedures|discharge_disposition_id
tabicl_v2,225,hazelnut-spread-contaminant-detection,tabdpt,1,184,1.628409743309021,1.1316144466400146,0.30508003204371037,6,6,0,-5.068004131317139,-2.402186393737793,s26|s24|s16|s61|s54|s45
tabicl_v2,227,kddcup09_appetency,tabdpt,1,188,3.890451431274414,1.8417474031448364,0.5265980219314739,9,9,0,-2.0254310220479965,-1.8480736762285233,Var216|Var206|Var78|Var144|Var123|Var81|Var57|Var212|Var38
tabicl_v2,227,maternal_health_risk,tabpfn,4,93,0.9067748785018921,0.0,1.0,1,1,0,-229.45380210876465,-163.82741928100586,BS
tabicl_v2,227,in_vehicle_coupon_recommendation,mitra,1,197,3.5398387908935547,0.0,1.0,6,6,0,-31.54119849205017,-105.1902174949646,occupation|RestaurantLessThan20|expiration|time|toCoupon_GEQ15min|CarryAway
tabicl_v2,228,Diabetes130US,tabpfn,1,15,1.9460668563842773,0.0,1.0,1,1,0,-0.029027462005615234,0.5173087120056152,num_lab_procedures
tabicl_v2,228,in_vehicle_coupon_recommendation,tabdpt,1,162,3.2476115226745605,2.5172433853149414,0.22489393582337294,5,5,0,13.914167881011963,0.0,occupation|RestaurantLessThan20|temperature|age|expiration
tabicl_v2,228,Is-this-a-good-customer,tabdpt,1,94,1.872740626335144,0.5179696083068848,0.7234162590254026,3,3,0,-10.34778356552124,-2.025306224822998,credit_amount|income|month
tabicl_v2,233,jm1,tabpfn,7,39,3.401858329772949,2.0327911376953125,0.40244685679459574,6,6,0,-3.0985474586486816,-1.295626163482666,lOCode|loc|l|d|e|t
tabicl_v2,233,Bank_Customer_Churn,tabpfn,5,59,2.5828452110290527,1.2031108140945435,0.5341916701174663,2,2,0,4.011690616607666,2.2699832916259766,tenure|balance
tabicl_v2,233,Marketing_Campaign,tabdpt,3,100,2.769322633743286,2.3310396671295166,0.15826359892972947,6,6,0,-1.1352300643920898,-0.1424551010131836,NumStorePurchases|MntFishProducts|NumDealsPurchases|Income|MntGoldProds|MntMeatProducts
tabicl_v2,238,GiveMeSomeCredit,mitra,4,143,6.181910514831543,0.0,1.0,6,5,1,-10.246217250823975,-10.658800601959229,NumberRealEstateLoansOrLines|age|NumberOfTime30-59DaysPastDueNotWorse|NumberOfOpenCreditLinesAndLoans|RevolvingUtilizationOfUnsecuredLines|MonthlyIncome
tabicl_v2,238,MIC,mitra,3,54,5.078184127807617,1.8214259147644043,0.6413233807749384,12,12,0,-3.950953483581543,-2.98231840133667,n_r_ecg_p_09|nr_04|IBS_NASL|zab_leg_02|ANT_CA_S_n|S_AD_KBRIG|NA_BLOOD|GIPER_NA|NA_R_1_n|TIME_B_S|ROE|D_AD_KBRIG
tabicl_v2,238,bank-marketing,mitra,2,80,4.573018550872803,0.0,1.0,4,4,0,-8.953690528869629,-11.101126670837402,loan|balance|default|job
tabicl_v2,242,GiveMeSomeCredit,mitra,1,66,4.604741096496582,3.131510019302368,0.3199378741000422,3,3,0,8.020639419555664,4.252791404724121,age|NumberOfOpenCreditLinesAndLoans|RevolvingUtilizationOfUnsecuredLines
tabicl_v2,242,coil2000_insurance_policies,mitra,1,74,5.932357311248779,1.5225573778152466,0.7433469870521431,12,12,0,-3.7623047828674316,-3.892660140991211,customerMainType|mediumLevelEducation|socialClassB2|income45To75k|socialClassD|oneCar|incomeLessThan30k|middleManagement|avgAge|highLevelEducation|nationalHealthService|contributionTrailerPolicies
tabicl_v2,242,credit_card_clients_default,tabpfn,1,179,3.779473066329956,2.237858772277832,0.40789132955750973,7,7,0,-4.3950676918029785,3.0242353677749634,AGE|SEX|PAY_AMT5|LIMIT_BAL|PAY_AMT4|BILL_AMT2|PAY_AMT6
tabicl_v2,243,customer_satisfaction_in_airline,tabdpt,1,134,1.5043721199035645,0.0,1.0,3,3,0,-0.16885995864868164,-3.1038522720336914,Onboardservice|Seatcomfort|Inflightwifiservice
tabicl_v2,243,MIC,tabdpt,5,64,0.7410264611244202,0.0,1.0,2,2,0,-0.10675191879272461,-0.6198287010192871,GIPO_K|NITR_S
tabicl_v2,244,hazelnut-spread-contaminant-detection,tabdpt,2,162,1.619702696800232,0.7763146758079529,0.5207054496225855,9,9,0,-6.770074367523193,-3.9461851119995117,s61|s23|s65|s41|s12|s36|s13|s51|s24
tabicl_v2,244,heloc,mitra,1,161,0.8403768539428711,0.0,1.0,8,2,6,-12.948155403137207,-8.967816829681396,NetFractionInstallBurden|ExternalRiskEstimate|NumTradesOpeninLast12M|MSinceOldestTradeOpen|AverageMInFile|NumSatisfactoryTrades|PercentInstallTrades|NetFractionRevolvingBurden
tabicl_v2,244,E-CommereShippingData,mitra,1,21,1.8150129318237305,0.0,1.0,6,4,2,56.484222412109375,3.568708896636963,Cost_of_the_Product|Customer_rating|Product_importance|Prior_purchases|Customer_care_calls|Weight_in_gms
tabicl_v2,246,maternal_health_risk,tabpfn,7,21,2.16441011428833,0.0,1.0,3,3,0,-0.7825493812561035,-223.65409135818481,Age|BS|SystolicBP
tabicl_v2,246,hazelnut-spread-contaminant-detection,tabpfn,1,148,1.8608145713806152,1.5834619998931885,0.14904901098321013,7,7,0,0.0035762786865234375,0.00286102294921875,s43|s53|s62|s42|s16|s54|s26
tabicl_v2,246,splice,tabdpt,9,15,1.8908292055130005,0.0,1.0,9,9,0,-2.446115016937256,-2.5076866149902344,position_17|position_-13|position_-15|position_10|position_-10|position_-5|position_-6|position_-22|position_-14
tabicl_v2,279,Bank_Customer_Churn,mitra,7,133,3.2343149185180664,0.0,1.0,4,1,3,9.621679782867432,9.671807289123535,age|estimated_salary|balance|credit_score
tabicl_v2,279,Diabetes130US,tabdpt,2,143,12.905203819274902,11.194351196289062,0.13257075571565569,6,6,0,-31.17901086807251,-1.6699433326721191,admission_type_id|diag_2|change|num_procedures|age|diag_1
tabicl_v2,279,MIC,tabdpt,8,124,2.4079411029815674,0.0,1.0,10,2,8,-7.696390151977539,-7.106423377990723,D_AD_KBRIG|NOT_NA_2_n|NA_R_1_n|lat_im|L_BLOOD|AGE|post_im|K_BLOOD|ALT_BLOOD|AST_BLOOD
tabicl_v2,301,Amazon_employee_access,mitra,2,122,1.5524210929870605,0.0,1.0,2,2,0,-1.524031162261963,-1.144111156463623,ROLE_ROLLUP_1|ROLE_FAMILY_DESC
tabicl_v2,301,E-CommereShippingData,mitra,3,111,2.4800214767456055,1.061151385307312,0.5721200823229152,3,3,0,47.91617393493652,31.889498233795166,Customer_care_calls|Discount_offered|Weight_in_gms
tabicl_v2,301,Fitness_Club,mitra,1,50,4.775300025939941,0.0,1.0,1,1,0,17.770111560821533,-74.99867677688599,months_as_member
tabicl_v2,314,maternal_health_risk,tabpfn,5,63,2.442969799041748,0.0,1.0,2,2,0,9.656965732574463,33.6461067199707,Age|HeartRate
tabicl_v2,314,customer_satisfaction_in_airline,tabdpt,1,160,0.9370709657669067,0.8924538493156433,0.04761338050288262,1,1,0,0.12153387069702148,-0.017821788787841797,FlightDistance
tabicl_v2,314,credit-g,tabpfn,1,80,1.9942092895507812,0.0,1.0,4,4,0,-2.058565616607666,-6.34843111038208,job|credit_purpose|checking_status|housing
tabicl_v2,349,Is-this-a-good-customer,tabdpt,2,129,0.5841410160064697,0.0,1.0,1,1,0,-14.192372560501099,-14.192372560501099,credit_amount
tabicl_v2,349,Bank_Customer_Churn,mitra,1,27,0.6166730523109436,0.0,1.0,1,1,0,2.848803997039795,3.1723976135253906,credit_score
tabicl_v2,349,Diabetes130US,tabpfn,1,68,2.4232230186462402,1.335367202758789,0.4489293009832804,3,3,0,-0.751793384552002,-0.32210350036621094,num_procedures|age|num_medications
tabicl_v2,367,MIC,mitra,7,116,6.645776271820068,0.0,1.0,10,6,4,-22.283732891082764,-22.27550745010376,R_AB_2_n|STENOK_AN|NOT_NA_1_n|ritm_ecg_p_08|NA_R_1_n|GIPO_K|L_BLOOD|K_BLOOD|AST_BLOOD|n_p_ecg_p_05
tabicl_v2,367,GiveMeSomeCredit,mitra,1,103,2.7027809619903564,1.4086319208145142,0.4788212805165008,3,3,0,13.585329055786133,7.11977481842041,NumberOfDependents|NumberOfOpenCreditLinesAndLoans|RevolvingUtilizationOfUnsecuredLines
tabicl_v2,367,splice,tabdpt,8,72,1.0581127405166626,0.0,1.0,4,4,0,-0.14889240264892578,-0.24706125259399414,position_-25|position_-9|position_3|position_-22
tabicl_v2,37,APSFailure,mitra,1,193,3.4103472232818604,1.8492012023925781,0.45776747019529385,13,13,0,-16.81700348854065,-7.654637098312378,cg_000|cm_000|du_000|cz_000|cb_000|ar_000|ct_000|bk_000|br_000|bl_000|dt_000|cv_000|dp_000
tabicl_v2,37,Diabetes130US,tabpfn,3,23,2.310877799987793,0.0,1.0,4,4,0,-0.8103847503662109,-1.2692809104919434,diag_2|glimepiride|payer_code|num_procedures
tabicl_v2,37,anneal,mitra,2,17,2.053234577178955,0.0,1.0,1,1,0,-0.14847517013549805,-0.14632940292358398,width
tabicl_v2,381,Fitness_Club,tabdpt,1,23,1.781450867652893,0.0,1.0,2,2,0,-20.79547941684723,-32.17415511608124,months_as_member|category
tabicl_v2,381,customer_satisfaction_in_airline,tabdpt,1,160,0.6354162693023682,0.0,1.0,1,1,0,-0.1195073127746582,-0.17279386520385742,FlightDistance
tabicl_v2,381,splice,tabdpt,4,15,1.2038724422454834,0.0,1.0,3,3,0,-2.60162353515625,-2.4129748344421387,position_-20|position_3|position_-12
tabicl_v2,386,Amazon_employee_access,mitra,1,96,1.0325688123703003,0.0,1.0,2,2,0,-0.5869865417480469,-0.43958425521850586,MGR_ID|ROLE_DEPTNAME
tabicl_v2,386,MIC,mitra,1,93,4.205329418182373,3.0428011417388916,0.27644166742731635,12,12,0,-2.186417579650879,-0.9004473686218262,SVT_POST|IBS_NASL|O_L_POST|n_p_ecg_p_09|ANT_CA_S_n|ritm_ecg_p_02|zab_leg_01|DLIT_AG|ritm_ecg_p_07|TIME_B_S|ALT_BLOOD|L_BLOOD
tabicl_v2,386,splice,tabdpt,9,15,1.0101163387298584,0.0,1.0,2,2,0,-2.44063138961792,-2.452969551086426,position_-15|position_-10
tabicl_v2,390,Amazon_employee_access,mitra,1,181,2.735067844390869,0.7185446619987488,0.7372845198438663,2,2,0,0.4330873489379883,1.519322395324707,RESOURCE|ROLE_DEPTNAME
tabicl_v2,390,customer_satisfaction_in_airline,tabdpt,1,9,1.408163070678711,0.0,1.0,2,2,0,-0.02002716064453125,-0.0813603401184082,EaseofOnlinebooking|Foodanddrink
tabicl_v2,390,MIC,mitra,1,92,5.291667938232422,0.0,1.0,13,13,0,-6.874561309814453,-20.229250192642212,K_BLOOD|SVT_POST|O_L_POST|GEPAR_S_n|FK_STENOK|NA_KB|ALT_BLOOD|AGE|AST_BLOOD|NA_BLOOD|L_BLOOD|INF_ANAM|S_AD_KBRIG
tabicl_v2,415,anneal,tabdpt,11,11,1.5327739715576172,0.0,1.0,3,3,0,0.5365610122680664,0.0795125961303711,shape|formability|width
tabicl_v2,415,MIC,tabdpt,5,119,0.7287009358406067,0.0,1.0,2,2,0,-0.28228759765625,-0.14919042587280273,K_BLOOD|ritm_ecg_p_02
tabicl_v2,422,coil2000_insurance_policies,mitra,2,142,5.135888576507568,1.1957743167877197,0.7671728467285299,9,9,0,-15.135109424591064,-11.444270610809326,nationalHealthService|contributionPrivateThirdPartyInsurance|contributionTrailerPolicies|contributionTractorPolicies|contributionMotorcycleScooterPolicies|numberOfTractorPolicies|numberOfSocialSecurityInsurancePolicies|socialClassB1|unskilledLabourers
tabicl_v2,422,customer_satisfaction_in_airline,tabpfn,3,52,1.677473783493042,1.1653555631637573,0.30529134068664204,2,2,0,18.123388290405273,1.1444091796875,Onlinesupport|Cleanliness
tabicl_v2,422,Marketing_Campaign,tabpfn,1,140,6.23081111907959,0.0,1.0,7,7,0,21.975994110107422,18.586814403533936,Recency|MntGoldProds|AcceptedCmp3|NumWebVisitsMonth|Year_Birth|Kidhome|MntSweetProducts
tabicl_v2,43,heloc,tabdpt,1,74,0.8937370777130127,0.47492265701293945,0.4686103230401709,3,3,0,2.6461035013198853,0.0,NumRevolvingTradesWBalance|NumTradesOpeninLast12M|PercentInstallTrades
tabicl_v2,43,anneal,tabdpt,20,24,2.376896619796753,0.8370773196220398,0.6478276284083327,3,3,0,-0.11080503463745117,-0.2536773681640625,thick|bl|hardness
tabicl_v2,43,Marketing_Campaign,tabdpt,2,194,2.8819708824157715,1.264474630355835,0.5612465628743941,5,5,0,1.200556755065918,-1.4996528625488281,MntMeatProducts|Education|MntFishProducts|NumCatalogPurchases|MntSweetProducts
tabicl_v2,442,in_vehicle_coupon_recommendation,mitra,1,66,3.989558696746826,0.0,1.0,6,4,2,23.73051643371582,12.89433240890503,education|direction_opp|Restaurant20To50|time|age|temperature
tabicl_v2,442,maternal_health_risk,tabpfn,2,65,1.1138060092926025,0.0,1.0,1,1,0,-396.3654041290283,-374.48886036872864,BS
tabicl_v2,442,customer_satisfaction_in_airline,tabpfn,1,54,2.481710910797119,0.0,1.0,6,6,0,-1.8465518951416016,-9.810447692871094,FlightDistance|Cleanliness|Checkinservice|CustomerType|Onboardservice|Foodanddrink
tabicl_v2,459,Bank_Customer_Churn,mitra,2,53,1.0019351243972778,0.0,1.0,3,3,0,0.5202889442443848,0.7623434066772461,tenure|age|credit_score
tabicl_v2,459,GiveMeSomeCredit,tabdpt,1,189,1.364305853843689,0.0,1.0,2,1,1,-2.5578252971172333,-2.5578252971172333,NumberOfOpenCreditLinesAndLoans|DebtRatio
tabicl_v2,459,Is-this-a-good-customer,tabdpt,2,40,0.4782705307006836,0.0,1.0,1,1,0,-0.7336139678955078,-0.7336139678955078,income
tabicl_v2,462,anneal,tabdpt,20,63,0.3847992420196533,0.0,1.0,1,1,0,-0.00959634780883789,0.04559755325317383,len
tabicl_v2,462,maternal_health_risk,tabpfn,8,21,2.283181667327881,0.0,1.0,3,3,0,-1.6744732856750488,-120.86957693099976,DiastolicBP|SystolicBP|Age
tabicl_v2,462,splice,tabdpt,7,122,0.5457862019538879,0.0,1.0,4,4,0,-0.6441473960876465,-0.6175637245178223,position_-28|position_-19|position_-29|position_17
tabicl_v2,501,Diabetes130US,tabpfn,2,68,3.9594593048095703,0.0,1.0,5,5,0,-0.8103251457214355,-0.8103251457214355,diag_1|insulin|num_procedures|age|gender
tabicl_v2,501,APSFailure,mitra,1,76,1.1868175268173218,0.9715150594711304,0.1814116007568292,5,5,0,-0.24330615997314453,-0.022351741790771484,cb_000|be_000|cm_000|dr_000|cz_000
tabicl_v2,501,coil2000_insurance_policies,tabdpt,1,29,1.285323143005371,0.0,1.0,2,2,0,-0.4253983497619629,1.0363459587097168,incomeLessThan30k|oneCar
tabicl_v2,51,APSFailure,tabdpt,2,186,1.3762575387954712,0.0,1.0,7,3,4,-15.087157487869263,-7.5653791427612305,cz_000|br_000|ci_000|cs_000|dn_000|bq_000|ba_004
tabicl_v2,51,E-CommereShippingData,mitra,1,17,3.6421313285827637,0.7619650363922119,0.7907914438964754,4,4,0,42.585551738739014,-23.17976951599121,Weight_in_gms|Customer_care_calls|Discount_offered|Gender
tabicl_v2,51,Diabetes130US,tabpfn,3,20,5.270231246948242,0.0,1.0,4,4,0,-0.8866786956787109,-2.486586570739746,diag_1|glipizide|payer_code|diag_2
tabicl_v2,560,Bank_Customer_Churn,tabpfn,1,181,3.2254748344421387,1.4343922138214111,0.5552926972163167,2,2,0,16.117215156555176,11.887341737747192,credit_score|balance
tabicl_v2,560,diabetes,tabdpt,1,17,0.9902639985084534,0.6270763874053955,0.3667583711516273,2,2,0,-2.4583935737609863,-2.4583935737609863,Glucose|DiabetesPedigreeFunction
tabicl_v2,560,heloc,mitra,2,121,6.305190086364746,0.0,1.0,6,5,1,11.76983118057251,11.980712413787842,MSinceMostRecentInqexcl7days|NetFractionRevolvingBurden|PercentTradesWBalance|PercentInstallTrades|MSinceOldestTradeOpen|MSinceMostRecentTradeOpen
tabicl_v2,57,jm1,tabpfn,1,82,1.401918649673462,0.0,1.0,4,4,0,-2.385377883911133,-3.2501220703125,lOBlank|e|l|i
tabicl_v2,57,splice,tabdpt,7,2,1.2901829481124878,0.0,1.0,6,6,0,-2.6232004165649414,-4.381358623504639,position_-26|position_-6|position_-22|position_-15|position_30|position_-3
tabicl_v2,57,Diabetes130US,tabpfn,1,17,1.434522032737732,0.0,1.0,3,3,0,-0.5176067352294922,-1.0936260223388672,diag_2|num_procedures|max_glu_serum
tabicl_v2,59,Bank_Customer_Churn,tabdpt,3,195,2.0468363761901855,0.6661566495895386,0.6745432818477322,2,2,0,14.055699110031128,6.99305534362793,balance|estimated_salary
tabicl_v2,59,Fitness_Club,tabdpt,1,14,3.435363292694092,3.132596254348755,0.08813246592848699,1,1,0,4.800140857696533,0.0,weight
tabicl_v2,59,bank-marketing,tabdpt,1,116,3.275040626525879,1.795257806777954,0.45183647731346144,3,3,0,2.386331558227539,0.8065104484558105,marital|loan|pdays
tabicl_v2,627,hazelnut-spread-contaminant-detection,tabpfn,1,128,2.886739730834961,1.4398854970932007,0.5012070254505667,7,7,0,0.45412778854370117,0.3268122673034668,s13|s26|s36|s51|s41|s52|s34
tabicl_v2,627,maternal_health_risk,tabpfn,2,2,2.2295141220092773,0.0,1.0,2,2,0,-450.0851631164551,-424.9095320701599,DiastolicBP|BS
tabicl_v2,627,splice,tabdpt,1,53,1.8460692167282104,0.0,1.0,4,4,0,-2.0291805267333984,-1.8021464347839355,position_-22|position_3|position_-11|position_-1
tabicl_v2,66,anneal,tabdpt,17,81,3.880581855773926,0.0,1.0,2,2,0,0.09006261825561523,0.0037550926208496094,formability|surface-quality
tabicl_v2,66,Bank_Customer_Churn,mitra,6,31,1.3987038135528564,0.0,1.0,2,2,0,0.3457069396972656,0.34755468368530273,credit_score|age
tabicl_v2,66,churn,tabdpt,5,43,0.4349471926689148,0.0,1.0,2,1,1,-0.2779960632324219,-0.2779960632324219,total_eve_minutes|account_length
tabicl_v2,68,in_vehicle_coupon_recommendation,tabdpt,9,195,5.107260227203369,0.0,1.0,5,5,0,-61.205148696899414,-61.205148696899414,coupon|maritalStatus|CoffeeHouse|CarryAway|temperature
tabicl_v2,68,hazelnut-spread-contaminant-detection,tabdpt,8,142,4.605706214904785,2.8569226264953613,0.37969933530499334,8,8,0,-11.814296245574951,-4.069209098815918,s24|s16|s41|s45|s63|s34|s25|s23
tabicl_v2,68,Amazon_employee_access,mitra,4,181,4.808459281921387,1.9420897960662842,0.5961097552872997,3,3,0,-2.5736093521118164,-1.8364191055297852,ROLE_DEPTNAME|ROLE_FAMILY_DESC|RESOURCE
tabicl_v2,70,splice,tabdpt,11,2,3.0765092372894287,0.0,1.0,9,9,0,-2.753615379333496,-3.354191780090332,position_17|position_13|position_7|position_-13|position_-16|position_-21|position_-15|position_-5|position_3
tabicl_v2,70,Amazon_employee_access,tabpfn,13,25,4.8961262702941895,0.0,1.0,4,4,0,-10.833799839019775,-122.65020608901978,MGR_ID|ROLE_DEPTNAME|ROLE_FAMILY|ROLE_TITLE
tabicl_v2,70,maternal_health_risk,tabpfn,4,41,4.845897197723389,0.8195474743843079,0.8308780725333313,5,5,0,-22.8118896484375,-40.70329666137695,HeartRate|BS|Age|SystolicBP|DiastolicBP
tabicl_v2,71,MIC,tabdpt,6,21,1.291451096534729,0.0,1.0,5,5,0,6.101250648498535,5.494892597198486,STENOK_AN|GIPO_K|NOT_NA_1_n|D_AD_ORIT|ALT_BLOOD
tabicl_v2,71,jm1,tabpfn,5,35,1.7330009937286377,0.0,1.0,2,2,0,-3.0408501625061035,-2.873539924621582,i|ev(g)
tabicl_v2,71,Bank_Customer_Churn,mitra,4,131,1.9314582347869873,1.5408012866973877,0.2022601064074697,2,2,0,-4.37009334564209,-0.8585453033447266,tenure|estimated_salary
tabicl_v2,77,hazelnut-spread-contaminant-detection,tabpfn,20,196,5.731390953063965,0.0,1.0,3,1,2,-16.27868413925171,-16.27868413925171,s35|s15|s36
tabicl_v2,77,Fitness_Club,tabdpt,6,55,0.7090039849281311,0.0,1.0,2,1,1,15.619933605194092,15.619933605194092,months_as_member|weight
tabicl_v2,77,online_shoppers_intention,tabpfn,4,153,4.530481338500977,0.0,1.0,9,1,8,24.58488941192627,24.90842342376709,PageValues|VisitorType|OperatingSystems|ExitRates|ProductRelated|Region|Informational_Duration|BounceRates|Administrative_Duration
tabicl_v2,9,GiveMeSomeCredit,mitra,6,135,8.340109825134277,1.5872254371643066,0.8096877055046752,2,2,0,-57.45899677276611,-45.27324438095093,RevolvingUtilizationOfUnsecuredLines|MonthlyIncome
tabicl_v2,9,Amazon_employee_access,tabpfn,10,50,1.7650463581085205,0.0,1.0,2,2,0,-0.24884939193725586,-0.5034804344177246,ROLE_TITLE|MGR_ID
tabicl_v2,9,coil2000_insurance_policies,tabpfn,2,167,6.358245372772217,0.0,1.0,19,6,13,22.080346941947937,21.64599299430847,married|householdWithChildren|contributionFirePolicies|numberOfPropertyInsurancePolicies|livingTogether|contributionCarPolicies|numberOfFirePolicies|noReligion|householdWithoutChildren|skilledLabourers|avgAge|middleManagement|numberOfMopedPolicies|purchasingPowerClass|entrepreneur|unskilledLabourers|socialClassD|privateHealthInsurance|highLevelEducation
tabicl_v2,93,Diabetes130US,tabpfn,1,21,1.6634595394134521,0.0,1.0,5,5,0,0.48828125,2.782464027404785,diag_1|number_diagnoses|num_procedures|num_medications|diag_2
tabicl_v2,93,Amazon_employee_access,tabpfn,11,188,1.891000509262085,0.0,1.0,2,2,0,0.4596710205078125,3.562033176422119,ROLE_TITLE|ROLE_ROLLUP_2
tabicl_v2,93,jm1,tabpfn,2,96,1.1725330352783203,0.0,1.0,1,1,0,-0.9763836860656738,-1.6167759895324707,branchCount
tabpfn,100,MIC,tabdpt,11,114,4.142467498779297,3.5821144580841064,0.13527035296241077,10,10,0,-4.712283611297607,3.282785415649414,NA_R_1_n|ZSN_A|zab_leg_06|DLIT_AG|NA_R_2_n|ritm_ecg_p_02|GEPAR_S_n|ritm_ecg_p_06|n_p_ecg_p_05|TRENT_S_n
tabpfn,100,E-CommereShippingData,mitra,1,118,3.265127420425415,2.5603725910186768,0.21584297905130925,2,2,0,-56.0014545917511,10.846138000488281,Warehouse_block|Customer_care_calls
tabpfn,100,HR_Analytics_Job_Change_of_Data_Scientists,mitra,1,82,3.686861038208008,2.886148452758789,0.21718002852594728,5,5,0,-166.829451918602,-157.66438841819763,experience|city|city_development_index|education_level|training_hours
tabpfn,102,E-CommereShippingData,mitra,2,3,2.528949737548828,1.0150399208068848,0.5986318329162575,5,5,0,-0.000476837158203125,-160.00226140022278,Prior_purchases|Customer_care_calls|Mode_of_Shipment|Cost_of_the_Product|Weight_in_gms
tabpfn,102,credit-g,mitra,1,32,3.3801047801971436,2.559964656829834,0.24263748513721375,4,4,0,-0.1468062400817871,-27.759015560150146,employment_since|housing|checking_status|other_installment_plans
tabpfn,102,customer_satisfaction_in_airline,tabdpt,1,24,4.21136474609375,3.357916831970215,0.2026535257757359,7,7,0,-0.011801719665527344,-0.02396106719970703,Onlineboarding|Legroomservice|ArrivalDelayinMinutes|DepartureDelayinMinutes|Onboardservice|Inflightwifiservice|FlightDistance
tabpfn,106,diabetes,mitra,1,56,2.050384759902954,1.2855820655822754,0.37300447666070113,4,4,0,3.8065314292907715,6.851077079772949,Age|DiabetesPedigreeFunction|BMI|SkinThickness
tabpfn,106,E-CommereShippingData,mitra,1,18,1.7326582670211792,1.0967060327529907,0.36703846706109583,4,4,0,-475.43133795261383,-476.8460988998413,Warehouse_block|Discount_offered|Product_importance|Weight_in_gms
tabpfn,106,Fitness_Club,mitra,2,58,1.8395028114318848,1.1122673749923706,0.3953434764654846,1,1,0,4.278719425201416,-12.474000453948975,weight
tabpfn,109,in_vehicle_coupon_recommendation,mitra,1,54,8.602439880371094,7.561525344848633,0.12100224471171285,3,3,0,-34.09886360168457,4.920244216918945,occupation|age|Restaurant20To50
tabpfn,109,taiwanese_bankruptcy_prediction,mitra,1,198,9.21606159210205,7.817859649658203,0.15171360656292424,17,17,0,20.01100778579712,3.2896995544433594,Total_Debt_to_Net_Worth|PreTax_Net_Interest_Rate|Inventory_Accounts_Receivable_to_Net_Value|Working_Capital_Turnover_Rate|Liability_to_Equity|Operating_Profit_Rate|Working_Capital_to_Equity|Net_Value_Per_Share_B|Cash_Reinvestment_Percent|Cash_Flow_Rate|Current_Liability_to_Current_Assets|Total_Assets_to_GNP_Price|Cash_Flow_to_Total_Assets|Allocation_Rate_Per_Person|LongTerm_Fund_Suitability_Ratio_A|Current_Liabilities_to_Liability|Net_Worth_Turnover_Rate
tabpfn,109,E-CommereShippingData,mitra,5,8,8.198944091796875,6.04983377456665,0.2621203771081243,4,4,0,-102.58626937866211,-5.441784858703613,Customer_rating|Discount_offered|Cost_of_the_Product|Weight_in_gms
tabpfn,112,credit-g,tabdpt,1,66,5.4309892654418945,4.767188549041748,0.12222464158123061,7,7,0,0.0,-3.8890838623046875,age_years|checking_status|credit_purpose|duration_months|residence_since|people_liable|savings_status
tabpfn,112,MIC,tabdpt,21,114,5.888979911804199,5.453784465789795,0.07389997122287245,7,7,0,6.2621235847473145,5.080759525299072,NA_BLOOD|NA_R_2_n|nr_03|AGE|inf_im|K_BLOOD|ALT_BLOOD
tabpfn,112,taiwanese_bankruptcy_prediction,mitra,1,184,5.132381439208984,3.915898323059082,0.23702118218582557,7,7,0,-79.57273721694946,-65.65725803375244,Net_Profit_Before_Tax_to_PaidIn_Capital|Inventory_Turnover_Rate|Fixed_Assets_to_Assets|Working_Capital_Turnover_Rate|Cash_Turnover_Rate|Tax_Rate_A|NoCredit_Interval
tabpfn,115,hazelnut-spread-contaminant-detection,tabdpt,4,190,12.328632354736328,11.678783416748047,0.0527105456055413,5,5,0,-1.5219449996948242,-0.5951523780822754,s32|s13|s52|s43|s21
tabpfn,115,polish_companies_bankruptcy,tabicl,2,196,13.220808029174805,12.438079833984375,0.05920426296661724,18,18,0,-6.784975528717041,-0.32210350036621094,long_term_liabilities_to_equity|gross_profit_plus_depreciation_to_sales|receivables_days_ratio|total_assets_to_total_liabilities|gross_profit_to_sales|current_assets_minus_inventory_to_short_term_liabilities|net_profit_to_sales|inventory_turnover_ratio|liquid_assets_to_short_term_liabilities|receivables_plus_inventory_turnover_days|inventory_days_ratio|current_assets_minus_inventories_to_long_term_liabilities|gross_profit_plus_depreciation_to_total_liabilities|equity_to_fixed_assets|current_assets_to_total_liabilities|inventory_days_cost_ratio|net_profit_to_total_assets|gross_profit_to_short_term_liabilities
tabpfn,115,E-CommereShippingData,tabicl,1,118,11.479188919067383,10.604150772094727,0.07622822075165812,2,2,0,41.368842124938965,4.865705966949463,Discount_offered|Product_importance
tabpfn,116,maternal_health_risk,mitra,4,67,7.16282844543457,5.305537700653076,0.25929571801559625,2,2,0,41.7478084564209,40.60471057891846,HeartRate|BS
tabpfn,116,E-CommereShippingData,mitra,5,172,3.9747817516326904,2.433237314224243,0.3878312153303106,6,6,0,424.2580533027649,382.0706605911255,Cost_of_the_Product|Customer_care_calls|Gender|Discount_offered|Product_importance|Weight_in_gms
tabpfn,116,splice,mitra,1,152,6.443154811859131,5.919347763061523,0.0812966728400658,7,7,0,-111.69219017028809,-11.182069778442383,position_-19|position_-16|position_-8|position_-15|position_20|position_15|position_24
tabpfn,118,E-CommereShippingData,mitra,2,114,1.646531343460083,1.2085111141204834,0.2660260499014415,3,3,0,371.19060754776,375.4104971885681,Cost_of_the_Product|Discount_offered|Weight_in_gms
tabpfn,118,splice,tabdpt,2,10,3.208854913711548,2.564892292022705,0.20068299720787258,11,11,0,-0.036776065826416016,-0.02396106719970703,position_25|position_-22|position_27|position_16|position_-25|position_8|position_20|position_-11|position_-8|position_-17|position_-4
tabpfn,118,kddcup09_appetency,tabdpt,1,148,3.439929246902466,2.6137123107910156,0.2401842819457491,11,11,0,-0.030219554901123047,-0.05352497100830078,Var140|Var134|Var113|Var85|Var28|Var193|Var125|Var73|Var83|Var192|Var21
tabpfn,122,E-CommereShippingData,mitra,5,80,4.579708099365234,2.6632721424102783,0.41846246864960274,2,2,0,219.5698618888855,174.4319200515747,Customer_care_calls|Weight_in_gms
tabpfn,122,SDSS17,tabicl,1,120,6.438601970672607,6.113816738128662,0.050443440054738574,5,5,0,19.307613372802734,0.5366802215576172,delta|r|z|g|alpha
tabpfn,122,diabetes,tabicl,1,56,5.291732311248779,3.526463747024536,0.3335899211061307,6,6,0,51.659584045410156,14.97560739517212,DiabetesPedigreeFunction|BloodPressure|Pregnancies|Glucose|SkinThickness|BMI
tabpfn,126,Bank_Customer_Churn,mitra,1,111,3.3849165439605713,1.8702423572540283,0.44747755728543787,5,5,0,-285.60155630111694,-209.93241667747498,credit_score|active_member|tenure|age|country
tabpfn,126,E-CommereShippingData,mitra,1,103,2.2163596153259277,1.8123900890350342,0.1822671390948836,4,4,0,-22.342205047607422,-6.939113140106201,Customer_rating|Prior_purchases|Gender|Product_importance
tabpfn,126,Fitness_Club,mitra,2,56,2.407838821411133,1.949470043182373,0.19036522467900452,1,1,0,-2.46506929397583,-38.4175181388855,day_of_week
tabpfn,127,heloc,mitra,3,30,4.979471683502197,3.8261964321136475,0.23160594631144082,10,10,0,47.529637813568115,29.14726734161377,MSinceMostRecentTradeOpen|AverageMInFile|NetFractionInstallBurden|NumTotalTrades|NumInqLast6Mexcl7days|MSinceOldestTradeOpen|NumInqLast6M|NumSatisfactoryTrades|NumRevolvingTradesWBalance|PercentInstallTrades
tabpfn,127,Bank_Customer_Churn,mitra,1,111,3.8177478313446045,3.376563549041748,0.11556139949334267,2,2,0,-354.4394373893738,-278.14456820487976,credit_card|credit_score
tabpfn,127,students_dropout_and_academic_success,mitra,1,107,5.022251129150391,4.116321563720703,0.18038316725570486,4,4,0,9.189873933792114,44.96452212333679,Curricular_units_1st_sem_evaluations|Mothers_qualification|GDP|Previous_qualification_grade
tabpfn,130,E-CommereShippingData,mitra,1,20,4.667505741119385,4.03929328918457,0.13459275398430542,3,3,0,-87.49830722808838,67.60913133621216,Discount_offered|Customer_care_calls|Weight_in_gms
tabpfn,130,maternal_health_risk,tabdpt,1,74,5.444745063781738,5.2787981033325195,0.03047837107252135,3,3,0,42.117416858673096,48.98160696029663,BS|BodyTemp|SystolicBP
tabpfn,139,E-CommereShippingData,mitra,2,22,2.099125862121582,1.349130392074585,0.35728942393619895,3,3,0,-253.82918119430542,-238.2695972919464,Warehouse_block|Prior_purchases|Discount_offered
tabpfn,139,anneal,tabdpt,22,46,3.814568281173706,0.0,1.0,4,4,0,-0.003337860107421875,0.14740228652954102,bt|steel|formability|hardness
tabpfn,139,heloc,mitra,2,195,3.0400891304016113,2.3252785205841064,0.23512817524632074,8,8,0,-31.352698802947998,6.349414587020874,NumRevolvingTradesWBalance|NumTradesOpeninLast12M|NetFractionInstallBurden|NumSatisfactoryTrades|ExternalRiskEstimate|NumInqLast6Mexcl7days|NumInstallTradesWBalance|NetFractionRevolvingBurden
tabpfn,140,E-CommereShippingData,mitra,1,114,0.9628438353538513,0.34085965156555176,0.6459865670321463,6,6,0,378.4470558166504,374.5936155319214,Customer_rating|Gender|Warehouse_block|Discount_offered|Cost_of_the_Product|Weight_in_gms
tabpfn,140,splice,tabdpt,1,117,1.033288598060608,0.7016545534133911,0.32095006687353833,10,10,0,-1.2674331665039062,-1.310288906097412,position_-23|position_-8|position_26|position_-16|position_8|position_-4|position_-26|position_14|position_-28|position_-22
tabpfn,140,anneal,tabdpt,1,26,2.535634756088257,1.0505403280258179,0.58568941149612,4,4,0,-578.7209272384644,-409.6829891204834,oil|temper_rolling|blue_bright_varn_clean|steel
tabpfn,141,customer_satisfaction_in_airline,mitra,1,87,3.977027654647827,2.425868511199951,0.39002976045064336,6,6,0,12.953042984008789,4.272222518920898,ArrivalDelayinMinutes|Gatelocation|Cleanliness|Class|Checkinservice|Inflightwifiservice
tabpfn,141,Fitness_Club,mitra,3,122,5.161815643310547,4.424683570861816,0.14280480423666747,1,1,0,17.839550971984863,17.797112464904785,category
tabpfn,141,in_vehicle_coupon_recommendation,mitra,3,42,3.2646994590759277,1.6274490356445312,0.5015011163982671,5,5,0,6.952166557312012,25.125741958618164,income|weather|time|CarryAway|CoffeeHouse
tabpfn,151,heloc,tabicl,1,88,2.795191526412964,1.9162638187408447,0.3144427490448344,7,7,0,12.509167194366455,-1.5544593334197998,PercentTradesWBalance|PercentTradesNeverDelq|ExternalRiskEstimate|NumTotalTrades|MSinceOldestTradeOpen|PercentInstallTrades|AverageMInFile
tabpfn,151,E-CommereShippingData,mitra,1,114,1.5362436771392822,0.622266948223114,0.5949425488397329,3,3,0,366.8920397758484,369.90487575531006,Cost_of_the_Product|Discount_offered|Weight_in_gms
tabpfn,151,polish_companies_bankruptcy,mitra,1,132,2.5092523097991943,2.436807870864868,0.02887092647136932,6,6,0,44.94750499725342,-1.2661218643188477,operating_profit_to_sales|constant_capital_to_total_assets|sales_growth_ratio|gross_profit_to_total_assets|gross_margin|log_total_assets
tabpfn,152,students_dropout_and_academic_success,mitra,3,52,3.996856212615967,2.881563663482666,0.27904244981666104,10,10,0,35.36057472229004,-16.25722646713257,Previous_qualification_grade|Curricular_units_2nd_sem_evaluations|Inflation_rate|Curricular_units_2nd_sem_grade|Curricular_units_2nd_sem_approved|Curricular_units_2nd_sem_credited|Curricular_units_1st_sem_without_evaluations|Application_order|GDP|Admission_grade
tabpfn,152,hazelnut-spread-contaminant-detection,mitra,2,197,3.6457691192626953,3.0114564895629883,0.17398595713268528,11,11,0,-18.05281639099121,3.6687254905700684,s14|s43|s23|s15|s25|s21|s12|s24|s52|s35|s45
tabpfn,152,splice,tabdpt,11,104,3.1158370971679688,2.7573158740997314,0.11506417437359054,6,6,0,8.837103843688965,-10.436594486236572,position_7|position_-14|position_25|position_12|position_10|position_19
tabpfn,158,students_dropout_and_academic_success,mitra,1,30,7.774803638458252,5.840579986572266,0.24878102931349969,6,6,0,117.12658405303955,20.897626876831055,Curricular_units_1st_sem_approved|Daytimeevening_attendance|Curricular_units_1st_sem_credited|Admission_grade|Previous_qualification|Inflation_rate
tabpfn,158,splice,tabdpt,16,56,6.219007968902588,5.858536720275879,0.057962821470755904,3,3,0,1.7533302307128906,0.14543533325195312,position_17|position_16|position_13
tabpfn,158,customer_satisfaction_in_airline,mitra,1,87,5.074209213256836,4.125560760498047,0.18695493482617118,3,3,0,-45.01217603683472,25.769293308258057,Cleanliness|Baggagehandling|DepartureDelayinMinutes
tabpfn,160,maternal_health_risk,mitra,1,46,2.4022653102874756,0.9796500205993652,0.592197407836634,3,3,0,41.849374771118164,40.311574935913086,Age|HeartRate|SystolicBP
tabpfn,160,customer_satisfaction_in_airline,mitra,1,87,2.350627899169922,1.6862869262695312,0.2826227720410319,4,4,0,0.0017285346984863281,-23.011505603790283,Baggagehandling|EaseofOnlinebooking|Inflightwifiservice|Age
tabpfn,160,E-CommereShippingData,mitra,1,85,1.6484782695770264,1.2023632526397705,0.2706223219137259,4,4,0,-173.6423671245575,-213.3198380470276,Warehouse_block|Cost_of_the_Product|Mode_of_Shipment|Weight_in_gms
tabpfn,161,anneal,tabdpt,1,48,3.011354446411133,2.4685022830963135,0.18026843833072484,3,3,0,-3.599107265472412,-3.242611885070801,lustre|surface-quality|hardness
tabpfn,161,splice,tabdpt,9,15,2.2379422187805176,1.4899622201919556,0.3342266803457265,13,13,0,-0.030815601348876953,-0.03796815872192383,position_20|position_8|position_-14|position_26|position_24|position_25|position_-23|position_-8|position_-25|position_-9|position_-21|position_16|position_-26
tabpfn,164,heloc,tabicl,2,137,3.2467057704925537,2.383939743041992,0.26573582222686976,7,7,0,-38.98453712463379,-2.256631851196289,NetFractionInstallBurden|NumTotalTrades|NumSatisfactoryTrades|NumTradesOpeninLast12M|MSinceOldestTradeOpen|MSinceMostRecentDelq|PercentTradesWBalance
tabpfn,164,students_dropout_and_academic_success,mitra,2,199,7.604032039642334,6.642632007598877,0.12643292756150432,9,9,0,234.51635241508484,85.2469801902771,Fathers_occupation|Curricular_units_2nd_sem_evaluations|Previous_qualification_grade|GDP|Unemployment_rate|Curricular_units_1st_sem_enrolled|Inflation_rate|Scholarship_holder|Curricular_units_2nd_sem_grade
tabpfn,164,hazelnut-spread-contaminant-detection,mitra,2,72,4.032976150512695,3.2046828269958496,0.20538016903758488,11,11,0,-482.32215642929077,-486.2954877316952,s21|s23|s41|s53|s16|s36|s52|s43|s12|s15|s64
tabpfn,165,customer_satisfaction_in_airline,mitra,1,167,3.075209379196167,2.500105857849121,0.18701280154698702,5,5,0,-13.356491923332214,18.934160470962524,Age|DepartureDelayinMinutes|Legroomservice|Baggagehandling|ArrivalDelayinMinutes
tabpfn,165,E-CommereShippingData,mitra,3,84,2.812269449234009,1.8547393083572388,0.34048307182570187,4,4,0,166.7635440826416,120.17822265625,Gender|Discount_offered|Customer_rating|Weight_in_gms
tabpfn,165,polish_companies_bankruptcy,mitra,1,132,7.100379943847656,5.8792219161987305,0.1719848849366203,9,9,0,17.06075668334961,3.422081470489502,gross_profit_to_short_term_liabilities|sales_profit_to_sales|equity_to_fixed_assets|long_term_liabilities_to_equity|receivables_days_ratio|inventory_days_ratio|net_profit_to_inventory|gross_profit_plus_depreciation_to_sales|liquidity_days_ratio
tabpfn,166,churn,tabicl,2,186,6.5337443351745605,4.903906345367432,0.24944930597190024,7,7,0,-64.97114151716232,6.0861557722091675,total_night_minutes|international_plan|voice_mail_plan|total_day_charge|total_day_minutes|number_vmail_messages|total_eve_minutes
tabpfn,166,in_vehicle_coupon_recommendation,mitra,1,64,8.923501014709473,6.944636821746826,0.22175872336437152,4,4,0,47.44124412536621,28.127312660217285,RestaurantLessThan20|coupon|Restaurant20To50|gender
tabpfn,166,polish_companies_bankruptcy,tabicl,1,199,8.67552661895752,7.439289093017578,0.14249711634087428,12,12,0,-18.78499984741211,-1.8447637557983398,constant_capital_to_total_assets|net_profit_to_sales|three_year_gross_profit_to_total_assets|inventory_days_cost_ratio|liabilities_days_ratio|total_sales_to_total_assets|retained_earnings_to_total_assets|sales_to_fixed_assets|current_assets_to_total_liabilities|inventory_turnover_ratio|equity_to_fixed_assets|receivables_plus_inventory_turnover_days
tabpfn,168,blood-transfusion-service-center,tabdpt,1,30,6.47371768951416,2.959794759750366,0.5427982958625907,3,3,0,124.68200922012329,51.1665940284729,MonthsSinceFirstDonation|TotalBloodDonated|MonthsSinceLastDonation
tabpfn,168,jm1,tabicl,1,176,7.7549028396606445,6.449689865112305,0.16830810153715042,4,4,0,-19.49286460876465,-2.779066562652588,i|lOBlank|lOCode|d
tabpfn,168,diabetes,mitra,2,23,3.576058864593506,1.1569197177886963,0.6764819144216732,7,7,0,-119.57639455795288,-180.665522813797,SkinThickness|Glucose|BloodPressure|BMI|Pregnancies|Insulin|DiabetesPedigreeFunction
tabpfn,170,E-CommereShippingData,tabicl,1,119,4.274267196655273,3.4174585342407227,0.20045744053741565,3,3,0,-9.662330150604248,-2.680063247680664,Cost_of_the_Product|Customer_care_calls|Discount_offered
tabpfn,170,Fitness_Club,mitra,2,127,2.2411670684814453,1.4766994714736938,0.34110245851762144,2,2,0,31.69417381286621,6.210982799530029,weight|months_as_member
tabpfn,170,blood-transfusion-service-center,mitra,2,17,4.562253475189209,3.7973122596740723,0.16766740815149744,2,2,0,-11.514067649841309,-5.872964859008789,MonthsSinceLastDonation|MonthsSinceFirstDonation
tabpfn,173,E-CommereShippingData,mitra,3,72,3.2104642391204834,0.8377841114997864,0.7390458048742197,4,4,0,-30.74401617050171,65.39404392242432,Weight_in_gms|Customer_rating|Cost_of_the_Product|Product_importance
tabpfn,173,website_phishing,mitra,1,18,1.6352821588516235,1.5120576620101929,0.07535366063552301,1,1,0,71.47663831710815,60.51152944564819,popUpWidnow
tabpfn,173,jm1,mitra,1,138,3.2134032249450684,0.6497640013694763,0.7977956839261641,6,6,0,-15.755534172058105,25.362253189086914,lOBlank|loc|lOCode|l|total_Op|uniq_Op
tabpfn,176,E-CommereShippingData,mitra,1,111,3.581214427947998,3.121119737625122,0.12847448807652265,1,1,0,67.37130880355835,-10.199755430221558,Cost_of_the_Product
tabpfn,176,Fitness_Club,mitra,1,52,3.4123716354370117,1.9743037223815918,0.42142769507321,2,2,0,-136.9171142578125,-117.59603023529053,days_before|weight
tabpfn,176,in_vehicle_coupon_recommendation,mitra,1,181,4.818862438201904,3.2595102787017822,0.3235934163918516,5,5,0,-34.52536463737488,2.0711123943328857,temperature|expiration|passenger|has_children|Restaurant20To50
tabpfn,179,E-CommereShippingData,mitra,2,74,2.3091213703155518,1.6685338020324707,0.2774161533984426,4,4,0,25.19911527633667,17.902910709381104,Mode_of_Shipment|Customer_rating|Product_importance|Discount_offered
tabpfn,179,MIC,tabdpt,21,76,2.235124111175537,0.939896285533905,0.5794881005334519,10,10,0,-0.09751319885253906,-0.3420710563659668,ROE|NOT_NA_1_n|NA_R_1_n|n_r_ecg_p_04|DLIT_AG|L_BLOOD|S_AD_ORIT|lat_im|n_r_ecg_p_01|K_BLOOD
tabpfn,179,SDSS17,tabdpt,1,124,2.503711462020874,1.8173246383666992,0.2741477339006775,4,4,0,-0.016391277313232422,-113.23827505111694,i|z|u|g
tabpfn,191,students_dropout_and_academic_success,mitra,3,152,5.752380847930908,5.195562839508057,0.0967978343476919,4,4,0,-0.31876564025878906,0.13512372970581055,Mothers_occupation|Curricular_units_1st_sem_enrolled|Inflation_rate|GDP
tabpfn,191,churn,mitra,1,124,7.322463512420654,5.3954081535339355,0.2631703600322447,10,10,0,-29.244840145111084,-6.702065467834473,total_intl_charge|total_eve_minutes|voice_mail_plan|total_eve_charge|international_plan|total_night_minutes|total_intl_calls|number_vmail_messages|total_day_minutes|total_day_charge
tabpfn,191,in_vehicle_coupon_recommendation,tabdpt,1,10,9.168333053588867,7.947378635406494,0.1331708186260141,4,4,0,26.51524543762207,1.630842685699463,destination|gender|CarryAway|Restaurant20To50
tabpfn,192,customer_satisfaction_in_airline,mitra,1,87,1.9062381982803345,1.2486897706985474,0.3449455730007814,5,5,0,37.308454513549805,52.71494388580322,Age|DepartureDelayinMinutes|Inflightentertainment|Onboardservice|Onlinesupport
tabpfn,192,jm1,mitra,1,162,2.3634114265441895,1.286431908607483,0.45568854658178576,9,9,0,-0.6442666053771973,-58.06973576545715,b|total_Op|total_Opnd|iv(g)|loc|lOComment|branchCount|lOBlank|v(g)
tabpfn,192,maternal_health_risk,tabdpt,1,74,1.8256033658981323,1.6807717084884644,0.07933358368805149,2,2,0,14.188230037689209,14.164328575134277,BS|BodyTemp
tabpfn,193,maternal_health_risk,tabdpt,1,74,1.6647539138793945,1.478610634803772,0.11181429130378244,1,1,0,6.949305534362793,21.277546882629395,BS
tabpfn,193,splice,tabdpt,1,117,1.7372465133666992,1.5824583768844604,0.08909969615208316,6,6,0,-1.366257667541504,-1.217663288116455,position_-17|position_13|position_19|position_11|position_9|position_12
tabpfn,205,Fitness_Club,mitra,1,126,2.612675905227661,1.462261438369751,0.44032038744494273,4,4,0,4.040718078613281,-11.853575706481934,category|day_of_week|months_as_member|weight
tabpfn,205,SDSS17,mitra,1,183,4.492135524749756,3.8573074340820312,0.14131988831817113,8,8,0,56.53291940689087,17.019808292388916,fiber_ID|i|r|u|delta|plate|alpha|z
tabpfn,205,E-CommereShippingData,mitra,1,38,2.131782054901123,1.7239912748336792,0.19129102767794812,1,1,0,-38.14363479614258,-18.90277862548828,Mode_of_Shipment
tabpfn,214,E-CommereShippingData,mitra,2,3,1.7598673105239868,1.0641766786575317,0.3953085711100109,6,6,0,-33.77804160118103,13.985753059387207,Cost_of_the_Product|Customer_care_calls|Mode_of_Shipment|Weight_in_gms|Customer_rating|Warehouse_block
tabpfn,214,jm1,mitra,1,81,3.895887613296509,2.4472525119781494,0.3718369843047386,6,6,0,-26.686549186706543,17.280220985412598,locCodeAndComment|v(g)|b|iv(g)|branchCount|total_Opnd
tabpfn,214,kddcup09_appetency,tabdpt,1,148,2.617208242416382,1.9372609853744507,0.2597986839649253,12,12,0,-0.04565715789794922,-0.022590160369873047,Var197|Var210|Var89|Var51|Var223|Var229|Var212|Var25|Var160|Var21|Var7|Var6
tabpfn,217,students_dropout_and_academic_success,mitra,2,42,2.5305285453796387,2.0531370639801025,0.18865287343672948,6,6,0,17.514526844024658,3.7328600883483887,Displaced|Fathers_qualification|Gender|Curricular_units_2nd_sem_evaluations|Curricular_units_1st_sem_enrolled|Inflation_rate
tabpfn,217,heloc,tabicl,1,39,2.320664405822754,1.460424780845642,0.37068678384461534,9,9,0,-21.457195281982422,-35.332679748535156,PercentInstallTrades|MSinceMostRecentDelq|NetFractionRevolvingBurden|NumTotalTrades|PercentTradesWBalance|NumSatisfactoryTrades|NumRevolvingTradesWBalance|ExternalRiskEstimate|NumTrades60Ever2DerogPubRec
tabpfn,224,kddcup09_appetency,tabdpt,1,148,1.5527814626693726,1.182129144668579,0.2387021785819161,18,18,0,-0.014960765838623047,-0.04565715789794922,Var134|Var217|Var6|Var160|Var78|Var83|Var28|Var197|Var125|Var198|Var40|Var133|Var81|Var126|Var113|Var202|Var192|Var7
tabpfn,224,MIC,tabdpt,9,143,2.01572322845459,1.4193370342254639,0.29586710407974115,7,7,0,-4.206657409667969,-4.443943500518799,S_AD_KBRIG|R_AB_1_n|n_r_ecg_p_01|ritm_ecg_p_06|FK_STENOK|n_p_ecg_p_07|ritm_ecg_p_08
tabpfn,224,customer_satisfaction_in_airline,tabdpt,2,24,2.635558605194092,1.9192025661468506,0.2718042534267555,10,10,0,-0.04869699478149414,-0.1004934310913086,FlightDistance|ArrivalDelayinMinutes|Inflightwifiservice|DepartureArrivaltimeconvenient|Class|Onlinesupport|DepartureDelayinMinutes|Legroomservice|Foodanddrink|Onboardservice
tabpfn,226,E-CommereShippingData,mitra,3,38,1.4433419704437256,1.0389423370361328,0.28018282686206963,3,3,0,-59.9713921546936,-63.03119659423828,Product_importance|Weight_in_gms|Cost_of_the_Product
tabpfn,226,maternal_health_risk,tabdpt,1,74,2.1498053073883057,1.8214199542999268,0.15275120586957633,1,1,0,35.36796569824219,49.0146279335022,SystolicBP
tabpfn,226,SDSS17,tabdpt,1,124,3.7797954082489014,1.515854001045227,0.598958716723906,8,8,0,22.056877613067627,229.50121760368347,cam_col|plate|g|z|u|redshift|r|i
tabpfn,241,SDSS17,tabdpt,1,124,1.5058073997497559,0.9321431517601013,0.380967876824745,4,4,0,29.535293579101562,-35.580992698669434,u|z|redshift|plate
tabpfn,244,E-CommereShippingData,mitra,2,93,0.842228889465332,0.17559309303760529,0.7915138090916399,5,5,0,-32.74977207183838,-79.4384777545929,Discount_offered|Mode_of_Shipment|Cost_of_the_Product|Gender|Product_importance
tabpfn,244,heloc,mitra,1,120,1.6091769933700562,1.4653958082199097,0.08935075864403791,4,4,0,17.270982265472412,1.5132427215576172,NumTotalTrades|NetFractionRevolvingBurden|NetFractionInstallBurden|NumInstallTradesWBalance
tabpfn,244,Bank_Customer_Churn,mitra,2,178,1.4447726011276245,1.2932230234146118,0.1048951077800966,3,3,0,-147.22097665071487,-145.01365274190903,tenure|age|estimated_salary
tabpfn,262,E-CommereShippingData,mitra,1,64,2.1112911701202393,1.531798243522644,0.27447323931383316,2,2,0,-209.3660533428192,-198.0406641960144,Mode_of_Shipment|Cost_of_the_Product
tabpfn,262,maternal_health_risk,tabdpt,1,25,2.1256961822509766,1.67121160030365,0.21380505160716642,2,2,0,6.8874359130859375,-28.342485427856445,DiastolicBP|SystolicBP
tabpfn,262,MIC,tabdpt,6,76,1.776766061782837,0.704658031463623,0.603404158476239,8,8,0,-0.06633996963500977,0.02181529998779297,FK_STENOK|D_AD_ORIT|TRENT_S_n|TIME_B_S|S_AD_ORIT|GB|K_BLOOD|ROE
tabpfn,271,kddcup09_appetency,tabdpt,1,199,3.895998001098633,3.034872055053711,0.22102833363931215,6,6,0,-21.580278873443604,0.0,Var125|Var192|Var84|Var149|Var140|Var134
tabpfn,271,students_dropout_and_academic_success,mitra,2,91,2.3259201049804688,1.305281639099121,0.43881062969268164,10,10,0,27.383357286453247,28.58707308769226,Curricular_units_2nd_sem_approved|Curricular_units_1st_sem_evaluations|Curricular_units_2nd_sem_evaluations|Admission_grade|Curricular_units_2nd_sem_enrolled|Previous_qualification|Mothers_occupation|Curricular_units_1st_sem_without_evaluations|Curricular_units_1st_sem_credited|Educational_special_needs
tabpfn,271,diabetes,mitra,1,56,2.5992915630340576,2.36185622215271,0.09134617457235082,4,4,0,-4.330933094024658,1.7483830451965332,Insulin|Glucose|SkinThickness|BMI
tabpfn,272,SDSS17,tabdpt,1,124,3.1827096939086914,2.47046160697937,0.2237866960635697,6,6,0,14.662116765975952,-28.648436069488525,alpha|u|g|z|i|redshift
tabpfn,276,E-CommereShippingData,mitra,3,8,5.227421283721924,4.712393283843994,0.0985242956181312,4,4,0,28.52696180343628,-0.8816719055175781,Customer_rating|Prior_purchases|Cost_of_the_Product|Weight_in_gms
tabpfn,276,churn,mitra,1,117,7.270509719848633,6.24848747253418,0.1405709209801773,3,3,0,61.380863189697266,61.20115518569946,total_eve_charge|total_night_charge|total_intl_charge
tabpfn,276,students_dropout_and_academic_success,mitra,3,0,8.86624526977539,5.339376449584961,0.39778606533854394,10,10,0,-15.636801719665527,-74.15235042572021,Nationality|Curricular_units_2nd_sem_approved|Scholarship_holder|Curricular_units_1st_sem_without_evaluations|GDP|Admission_grade|Curricular_units_2nd_sem_without_evaluations|Unemployment_rate|Curricular_units_2nd_sem_credited|Curricular_units_2nd_sem_grade
tabpfn,277,customer_satisfaction_in_airline,mitra,1,87,0.8956276178359985,0.549204409122467,0.3867937989122687,8,8,0,36.1822247505188,7.539093494415283,Age|Cleanliness|Onlineboarding|Foodanddrink|Checkinservice|Onlinesupport|DepartureDelayinMinutes|ArrivalDelayinMinutes
tabpfn,277,maternal_health_risk,tabdpt,1,74,0.6530154347419739,0.5669460892677307,0.13180292669230975,1,1,0,28.333067893981934,28.333067893981934,BS
tabpfn,279,E-CommereShippingData,mitra,1,84,2.2983078956604004,1.0988163948059082,0.5219020058710749,5,5,0,214.43873643875122,235.16219854354858,Warehouse_block|Weight_in_gms|Discount_offered|Mode_of_Shipment|Cost_of_the_Product
tabpfn,279,splice,tabdpt,2,89,1.7703955173492432,1.0484968423843384,0.407761241988333,12,12,0,-2.4278759956359863,-2.463698387145996,position_28|position_-6|position_-7|position_-21|position_4|position_-13|position_-15|position_-24|position_25|position_8|position_-28|position_21
tabpfn,279,kddcup09_appetency,tabdpt,1,39,1.7179102897644043,1.5069009065628052,0.1228291049065997,11,11,0,-0.06973743438720703,-0.04309415817260742,Var197|Var132|Var81|Var40|Var85|Var202|Var94|Var217|Var73|Var38|Var189
tabpfn,281,students_dropout_and_academic_success,mitra,1,52,1.4313280582427979,1.183591365814209,0.17308169919670854,2,2,0,-0.1310110092163086,-28.954267501831055,Curricular_units_2nd_sem_evaluations|Inflation_rate
tabpfn,281,maternal_health_risk,tabdpt,1,74,1.4305615425109863,1.3155288696289062,0.08041085228683663,1,1,0,35.30031442642212,62.45177984237671,BS
tabpfn,281,MIC,tabdpt,1,7,2.581083059310913,1.9474737644195557,0.24548194704765364,8,8,0,-9.764492511749268,-9.9562406539917,L_BLOOD|SEX|n_r_ecg_p_09|AST_BLOOD|ALT_BLOOD|NA_BLOOD|inf_im|GIPER_NA
tabpfn,284,E-CommereShippingData,mitra,1,183,0.9582362174987793,0.5862085223197937,0.38824215614607527,4,4,0,50.219327211380005,5.472123622894287,Customer_care_calls|Discount_offered|Mode_of_Shipment|Weight_in_gms
tabpfn,284,maternal_health_risk,tabdpt,1,74,1.6647975444793701,1.6011161804199219,0.03825171671511759,1,1,0,49.01641607284546,28.333067893981934,BS
tabpfn,284,SDSS17,tabdpt,1,124,1.8697974681854248,1.66749906539917,0.10819268194997539,2,2,0,-0.016391277313232422,-21.55125141143799,delta|u
tabpfn,297,SDSS17,tabdpt,1,124,1.8806085586547852,0.7220038771629333,0.6160796600439866,8,8,0,-21.54254913330078,-75.90946555137634,fiber_ID|u|z|delta|g|plate|redshift|alpha
tabpfn,322,churn,mitra,1,164,4.079378604888916,3.5891411304473877,0.12017454664639489,10,10,0,-441.10116362571716,-410.7087552547455,total_eve_calls|number_vmail_messages|state|account_length|total_night_calls|total_intl_minutes|total_night_charge|total_intl_charge|total_day_minutes|total_night_minutes
tabpfn,322,credit-g,mitra,1,55,3.812026023864746,3.5200464725494385,0.07659432267445279,4,4,0,30.318498611450195,-10.931909084320068,age_years|savings_status|job|credit_amount
tabpfn,322,customer_satisfaction_in_airline,tabicl,1,92,4.545832633972168,4.004271030426025,0.1191336433063801,5,5,0,-1.0261237621307373,-2.563178539276123,Legroomservice|Foodanddrink|Onboardservice|FlightDistance|Age
tabpfn,329,coil2000_insurance_policies,tabicl,1,156,7.36592435836792,6.707418918609619,0.08939888705349222,11,11,0,-26.343919336795807,-2.71027535200119,protestant|contributionMopedPolicies|contributionTractorPolicies|contributionBicyclePolicies|middleManagement|customerMainType|householdWithChildren|twoCars|socialClassA|rentedHouse|noCar
tabpfn,329,churn,mitra,1,158,6.641643047332764,5.3230438232421875,0.19853509360460378,10,10,0,63.39740753173828,11.489152908325195,state|account_length|total_intl_calls|total_day_charge|total_intl_charge|number_customer_service_calls|international_plan|total_night_charge|total_eve_charge|total_eve_minutes
tabpfn,329,in_vehicle_coupon_recommendation,mitra,6,86,7.860674858093262,5.901540279388428,0.24923236415099032,7,7,0,340.5018448829651,298.7685799598694,temperature|CoffeeHouse|expiration|RestaurantLessThan20|time|education|gender
tabpfn,330,E-CommereShippingData,mitra,1,52,1.4803102016448975,1.0668671131134033,0.27929489918537526,6,6,0,47.599732875823975,32.61125087738037,Customer_rating|Gender|Cost_of_the_Product|Discount_offered|Weight_in_gms|Warehouse_block
tabpfn,330,customer_satisfaction_in_airline,tabdpt,2,0,2.844181537628174,2.084855079650879,0.26697538393084225,8,8,0,-0.0673532485961914,-0.20265579223632812,Age|Onlineboarding|Checkinservice|DepartureArrivaltimeconvenient|Inflightwifiservice|DepartureDelayinMinutes|ArrivalDelayinMinutes|FlightDistance
tabpfn,330,anneal,tabdpt,5,69,3.0969114303588867,2.427004337310791,0.21631457925500416,5,5,0,-4.445910453796387,-5.751669406890869,len|bw_me|strength|thick|carbon
tabpfn,334,SDSS17,tabdpt,1,124,4.910157680511475,2.6292784214019775,0.4645226095614725,4,4,0,137.35762238502502,-25.092601776123047,g|u|redshift|z
tabpfn,334,splice,tabdpt,3,84,4.121452808380127,2.936579942703247,0.28748912598675996,8,8,0,-1.5677809715270996,-1.5013813972473145,position_17|position_-2|position_-10|position_-11|position_-12|position_8|position_-20|position_-18
tabpfn,334,customer_satisfaction_in_airline,tabdpt,1,0,3.7020339965820312,3.1780507564544678,0.14153928370494176,7,7,0,-0.09584426879882812,-0.0814199447631836,DepartureArrivaltimeconvenient|EaseofOnlinebooking|DepartureDelayinMinutes|Baggagehandling|Onboardservice|Onlineboarding|ArrivalDelayinMinutes
tabpfn,337,E-CommereShippingData,mitra,4,15,6.108843803405762,5.180923938751221,0.15189778860235603,3,3,0,71.16919755935669,9.463131427764893,Weight_in_gms|Cost_of_the_Product|Prior_purchases
tabpfn,337,maternal_health_risk,tabicl,1,86,5.823648452758789,5.348714828491211,0.08155259166486804,3,3,0,-10.005772113800049,24.75494146347046,DiastolicBP|BS|BodyTemp
tabpfn,337,MIC,mitra,1,13,6.909021377563477,6.3468756675720215,0.08136401369620605,8,8,0,-77.8912901878357,-96.47047519683838,S_AD_KBRIG|ROE|n_r_ecg_p_05|ritm_ecg_p_04|ritm_ecg_p_01|INF_ANAM|n_p_ecg_p_03|D_AD_ORIT
tabpfn,350,hazelnut-spread-contaminant-detection,tabicl,1,74,1.870202898979187,1.0860373973846436,0.41929434609611854,8,8,0,-113.28333616256714,-209.88920331001282,s21|s24|s51|s65|s23|s25|s15|s56
tabpfn,350,splice,tabdpt,1,69,1.3846276998519897,0.0,1.0,14,14,0,-0.45621395111083984,-0.5096793174743652,position_11|position_2|position_-10|position_3|position_-30|position_-5|position_-11|position_1|position_-8|position_18|position_10|position_-25|position_-14|position_14
tabpfn,355,E-CommereShippingData,mitra,1,22,0.9888725876808167,0.5831732749938965,0.41026449488138683,2,2,0,-187.49704957008362,-175.8735179901123,Cost_of_the_Product|Weight_in_gms
tabpfn,355,SDSS17,tabdpt,1,124,1.8835572004318237,0.688052773475647,0.6347056657913526,3,3,0,7.2776079177856445,-88.70777487754822,plate|redshift|z
tabpfn,356,MIC,tabdpt,10,78,3.217367172241211,2.14302921295166,0.3339183567728048,11,11,0,-1.257002353668213,-1.2566447257995605,S_AD_KBRIG|ritm_ecg_p_06|n_r_ecg_p_02|D_AD_KBRIG|AGE|INF_ANAM|ANT_CA_S_n|NA_BLOOD|nr_03|n_p_ecg_p_03|n_r_ecg_p_03
tabpfn,356,maternal_health_risk,tabdpt,1,74,1.4543691873550415,1.267288327217102,0.12863367964923006,2,2,0,69.03165578842163,35.28076410293579,HeartRate|BS
tabpfn,356,kddcup09_appetency,tabdpt,1,148,2.522204875946045,2.1251087188720703,0.1574400877823334,17,17,0,-0.030219554901123047,-0.030219554901123047,Var216|Var183|Var65|Var28|Var6|Var73|Var153|Var140|Var133|Var83|Var95|Var38|Var160|Var178|Var125|Var119|Var25
tabpfn,369,churn,mitra,1,164,3.8526976108551025,3.6751129627227783,0.04609358586357092,8,8,0,-400.459885597229,-380.94666600227356,total_eve_calls|number_vmail_messages|total_night_calls|total_intl_charge|total_intl_minutes|total_day_charge|total_night_charge|total_eve_charge
tabpfn,369,diabetes,mitra,1,2,3.941154718399048,3.281479835510254,0.16738111797771876,1,1,0,13.517558574676514,65.00881910324097,Glucose
tabpfn,369,splice,tabdpt,5,89,2.426163673400879,1.9434465169906616,0.19896314568652645,21,21,0,-2.981245517730713,-2.8751492500305176,position_29|position_-4|position_-23|position_14|position_15|position_18|position_-24|position_-25|position_-28|position_7|position_8|position_26|position_23|position_9|position_25|position_-13|position_5|position_-22|position_-26|position_11|position_30
tabpfn,371,students_dropout_and_academic_success,mitra,1,65,1.2370057106018066,0.6502198576927185,0.4743598577435954,3,3,0,190.64998626708984,200.58360695838928,Fathers_occupation|Curricular_units_1st_sem_credited|Inflation_rate
tabpfn,371,kddcup09_appetency,tabdpt,1,148,1.005173683166504,0.17791832983493805,0.8229974254056684,14,14,0,-0.061511993408203125,-0.030219554901123047,Var193|Var34|Var23|Var125|Var35|Var21|Var22|Var201|Var181|Var59|Var106|Var115|Var189|Var25
tabpfn,371,anneal,tabdpt,1,65,2.534878969192505,0.8773754835128784,0.6538787475946555,4,4,0,-0.1016855239868164,-0.4284381866455078,ferro|bl|bf|strength
tabpfn,372,E-CommereShippingData,mitra,2,110,2.779066801071167,2.16968035697937,0.21927736456601699,5,5,0,38.6529415845871,17.488643527030945,Cost_of_the_Product|Customer_care_calls|Warehouse_block|Product_importance|Weight_in_gms
tabpfn,372,maternal_health_risk,tabdpt,1,74,1.8211815357208252,1.5941654443740845,0.12465319183948763,2,2,0,49.01641607284546,62.40510940551758,BS|DiastolicBP
tabpfn,372,customer_satisfaction_in_airline,tabdpt,2,0,2.2773807048797607,1.90491783618927,0.163548794407721,3,3,0,-0.026345252990722656,-0.05346536636352539,Legroomservice|DepartureDelayinMinutes|FlightDistance
tabpfn,376,E-CommereShippingData,mitra,1,64,1.972795844078064,0.9939701557159424,0.49616167395139205,4,4,0,-264.20170068740845,-109.57616567611694,Warehouse_block|Discount_offered|Mode_of_Shipment|Weight_in_gms
tabpfn,376,splice,tabdpt,1,117,1.9561010599136353,1.6880412101745605,0.1370378326725665,8,8,0,-1.1530518531799316,-0.8875727653503418,position_-22|position_-14|position_-26|position_25|position_12|position_30|position_24|position_-18
tabpfn,517,customer_satisfaction_in_airline,mitra,1,87,0.3584249019622803,0.11603600531816483,0.676261318109041,8,8,0,44.526517391204834,43.48289966583252,Checkinservice|Foodanddrink|Legroomservice|Class|DepartureDelayinMinutes|Cleanliness|Onlineboarding|ArrivalDelayinMinutes
tabpfn,517,kddcup09_appetency,tabdpt,1,148,0.346042275428772,0.0,1.0,11,11,0,-0.014960765838623047,-0.030219554901123047,Var216|Var83|Var170|Var217|Var221|Var25|Var28|Var204|Var78|Var109|Var126
tabpfn,53,E-CommereShippingData,mitra,3,78,4.3164896965026855,3.841860771179199,0.10995715470096942,4,4,0,-61.07306480407715,-5.887150764465332,Customer_care_calls|Warehouse_block|Discount_offered|Cost_of_the_Product
tabpfn,53,heloc,tabicl,1,193,4.3751373291015625,2.158616304397583,0.5066174746014529,9,9,0,-4.139125347137451,-44.2812442779541,NumSatisfactoryTrades|NumTotalTrades|MSinceMostRecentInqexcl7days|NumTradesOpeninLast12M|NumInstallTradesWBalance|NetFractionInstallBurden|PercentInstallTrades|MSinceOldestTradeOpen|NumInqLast6M
tabpfn,53,SDSS17,tabdpt,1,124,5.252053737640381,3.712883472442627,0.2930606467650625,3,3,0,-32.095760107040405,-170.68646848201752,plate|redshift|z
tabpfn,547,splice,tabdpt,1,6,1.2038558721542358,1.0160491466522217,0.15600432730036365,9,9,0,-0.831305980682373,-0.831305980682373,position_-24|position_-11|position_-18|position_-19|position_27|position_11|position_-25|position_-20|position_12
tabpfn,56,MIC,mitra,1,6,4.187397003173828,3.1976141929626465,0.23637185809250424,11,11,0,-73.9329606294632,-70.72428613901138,lat_im|inf_im|n_p_ecg_p_06|ant_im|R_AB_2_n|NA_KB|FK_STENOK|n_p_ecg_p_12|GB|DLIT_AG|STENOK_AN
tabpfn,56,Fitness_Club,mitra,2,90,7.168270111083984,3.388126850128174,0.5273438643321684,1,1,0,7.561028003692627,-159.56825017929077,weight
tabpfn,56,students_dropout_and_academic_success,mitra,2,54,5.775407791137695,5.375420570373535,0.06925696595449701,5,5,0,-435.26485562324524,-416.6248142719269,Age_at_enrollment|Inflation_rate|Previous_qualification_grade|Curricular_units_2nd_sem_grade|Admission_grade
tabpfn,581,kddcup09_appetency,tabdpt,1,148,0.27332693338394165,0.0,1.0,2,2,0,-0.04565715789794922,-0.04565715789794922,Var126|Var83
tabpfn,62,E-CommereShippingData,mitra,4,16,4.056934356689453,3.0994648933410645,0.2360081231705471,2,2,0,-61.06162071228027,-5.353987216949463,Warehouse_block|Cost_of_the_Product
tabpfn,62,hazelnut-spread-contaminant-detection,mitra,3,153,6.204694747924805,4.687689781188965,0.24449308602058317,4,4,0,-616.4587438106537,-413.30087184906006,s35|s52|s61|s46
tabpfn,62,MIC,mitra,1,122,5.323911666870117,4.239896774291992,0.20361248653387373,11,11,0,-61.778366565704346,-23.37014675140381,n_p_ecg_p_10|INF_ANAM|NA_BLOOD|TIKL_S_n|R_AB_2_n|n_r_ecg_p_09|AGE|ritm_ecg_p_06|n_p_ecg_p_09|TIME_B_S|ALT_BLOOD
tabpfn,63,Bank_Customer_Churn,mitra,2,180,7.320668697357178,6.422154903411865,0.12273657381458657,2,2,0,334.82837677001953,335.9180688858032,estimated_salary|credit_score
tabpfn,63,SDSS17,tabicl,1,122,9.57890796661377,6.26774263381958,0.3456725280517249,5,5,0,97.64993190765381,91.86011552810669,delta|g|z|alpha|redshift
tabpfn,63,students_dropout_and_academic_success,mitra,1,52,8.813347816467285,6.246106147766113,0.29129017964143133,8,8,0,-31.642138957977295,-64.83739614486694,Mothers_qualification|Course|Nationality|Unemployment_rate|Curricular_units_1st_sem_enrolled|Curricular_units_2nd_sem_credited|Curricular_units_1st_sem_approved|Inflation_rate
tabpfn,656,website_phishing,mitra,1,111,0.47960618138313293,0.3173784017562866,0.33825206163731825,3,3,0,98.66064786911011,-35.710155963897705,SSLfinal_State|web_traffic|URL_Length
tabpfn,66,heloc,mitra,2,129,4.250549793243408,2.018941640853882,0.5250163533989998,5,5,0,35.355448722839355,-18.923282623291016,NumBank2NatlTradesWHighUtilization|NetFractionRevolvingBurden|PercentInstallTrades|AverageMInFile|MSinceOldestTradeOpen
tabpfn,66,jm1,mitra,2,118,4.960881233215332,4.174163818359375,0.158584206690644,7,7,0,34.42448377609253,10.197162628173828,uniq_Op|locCodeAndComment|total_Opnd|e|t|v|b
tabpfn,66,Fitness_Club,mitra,1,122,5.154626369476318,2.2059006690979004,0.5720542070400327,5,5,0,54.22616004943848,28.5835862159729,category|day_of_week|months_as_member|days_before|weight
tabpfn,68,HR_Analytics_Job_Change_of_Data_Scientists,mitra,4,120,9.261261940002441,5.3504557609558105,0.42227573352121384,4,4,0,-72.16334342956543,-76.04950666427612,training_hours|major_discipline|gender|city
tabpfn,68,in_vehicle_coupon_recommendation,mitra,4,113,7.383500099182129,4.962506294250488,0.32789243210002994,5,5,0,-25.93517303466797,-10.519444942474365,CarryAway|direction_same|age|income|CoffeeHouse
tabpfn,68,E-CommereShippingData,mitra,7,188,9.073843002319336,7.271657943725586,0.19861320700976415,2,2,0,-121.08898162841797,-4.014760255813599,Cost_of_the_Product|Mode_of_Shipment
tabpfn,696,SDSS17,tabdpt,1,124,1.0858314037322998,0.436399906873703,0.5980960714769558,10,10,0,7.298856973648071,-14.44968581199646,fiber_ID|alpha|i|cam_col|redshift|z|plate|u|g|r
tabpfn,72,Fitness_Club,mitra,4,83,6.954895973205566,0.12378961592912674,0.9822010830347372,3,3,0,3.004729747772217,-12.202858924865723,category|weight|months_as_member
tabpfn,72,jm1,tabicl,2,195,7.315157890319824,5.722261905670166,0.2177527824460964,8,8,0,-72.89791107177734,-13.697147369384766,total_Op|l|uniq_Op|branchCount|v|ev(g)|b|e
tabpfn,72,MIC,mitra,2,72,5.653913974761963,5.040653228759766,0.10846658593315728,6,6,0,-22.11892604827881,-2.2821426391601562,TIME_B_S|nr_01|B_BLOK_S_n|ritm_ecg_p_06|ROE|ALT_BLOOD
tabpfn,79,HR_Analytics_Job_Change_of_Data_Scientists,mitra,3,174,3.9870307445526123,2.1385512351989746,0.46362308890624243,5,5,0,45.99836468696594,15.331655740737915,experience|relevent_experience|last_new_job|gender|city_development_index
tabpfn,79,heloc,tabicl,1,137,5.011255741119385,3.8811817169189453,0.2255071548090679,3,3,0,12.539327144622803,6.202459335327148,NumTradesOpeninLast12M|ExternalRiskEstimate|NetFractionRevolvingBurden
tabpfn,79,jm1,mitra,1,162,5.004604816436768,3.637866973876953,0.2730960570694809,4,4,0,-53.39500308036804,-52.64565348625183,ev(g)|v|uniq_Opnd|t
tabpfn,81,churn,mitra,5,199,8.517123222351074,7.362202167510986,0.13559989971840308,5,5,0,-123.00404906272888,-16.48157835006714,total_eve_calls|total_intl_charge|total_day_charge|total_eve_minutes|total_day_calls
tabpfn,81,E-CommereShippingData,mitra,2,118,4.442934513092041,1.8092740774154663,0.5927749841722718,2,2,0,114.77422714233398,51.468849182128906,Discount_offered|Cost_of_the_Product
tabpfn,81,maternal_health_risk,tabdpt,3,66,6.885030269622803,1.8577951192855835,0.7301689249672154,6,6,0,20.16422152519226,-45.47154903411865,HeartRate|BS|Age|BodyTemp|DiastolicBP|SystolicBP
tabpfn,82,E-CommereShippingData,mitra,4,111,4.974349498748779,3.8346259593963623,0.22912011704024754,5,5,0,102.8296947479248,-49.474895000457764,Customer_care_calls|Gender|Prior_purchases|Product_importance|Weight_in_gms
tabpfn,82,in_vehicle_coupon_recommendation,tabdpt,1,180,7.397253513336182,6.197593688964844,0.16217638373600746,4,4,0,65.77879190444946,11.703789234161377,passenger|Restaurant20To50|temperature|CoffeeHouse
tabpfn,82,Bank_Customer_Churn,mitra,1,111,6.03093957901001,5.280951023101807,0.12435683463294042,3,3,0,-211.7663025856018,-310.3894889354706,products_number|tenure|balance
tabpfn,86,E-CommereShippingData,mitra,2,14,5.591709136962891,4.997747898101807,0.10622176946487083,2,2,0,419.57467794418335,442.912220954895,Mode_of_Shipment|Cost_of_the_Product
tabpfn,86,polish_companies_bankruptcy,mitra,1,132,10.150015830993652,9.369312286376953,0.07691648541402038,8,8,0,-153.4562110900879,-10.41179895401001,working_capital_to_total_assets|gross_profit_plus_depreciation_to_total_liabilities|sales_growth_ratio|retained_earnings_to_total_assets|sales_profit_to_sales|sales_profit_to_total_assets|inventory_days_cost_ratio|working_capital_absolute
tabpfn,86,splice,tabdpt,12,17,6.394297122955322,4.230358123779297,0.33841702341412216,13,13,0,-0.05453824996948242,0.003516674041748047,position_23|position_19|position_24|position_-2|position_8|position_13|position_7|position_-27|position_-11|position_-6|position_-3|position_-15|position_12
tabpfn,91,E-CommereShippingData,mitra,4,22,4.785755157470703,3.9611072540283203,0.17231301567007318,2,2,0,-287.6024842262268,-213.68154883384705,Cost_of_the_Product|Weight_in_gms
tabpfn,91,churn,mitra,1,164,6.19059419631958,4.926764488220215,0.20415321502590733,9,9,0,-325.7289230823517,-163.48344087600708,total_day_calls|total_day_charge|state|total_eve_minutes|number_vmail_messages|area_code|total_intl_minutes|total_intl_calls|total_eve_charge
tabpfn,91,website_phishing,mitra,1,26,2.9267005920410156,2.340859889984131,0.2001710402663132,1,1,0,16.474604606628418,-127.31415033340454,age_of_domain
tabpfn,96,E-CommereShippingData,mitra,3,114,4.3126068115234375,3.516895055770874,0.18450830101793506,5,5,0,370.4848289489746,363.4408116340637,Mode_of_Shipment|Cost_of_the_Product|Discount_offered|Weight_in_gms|Prior_purchases
tabpfn,96,diabetes,tabicl,1,2,6.347461700439453,5.257961273193359,0.1716434818615234,5,5,0,30.601680278778076,5.9604644775390625e-05,BMI|Insulin|BloodPressure|Glucose|Age
tabpfn,96,Fitness_Club,mitra,2,112,5.540090560913086,4.619621753692627,0.16614688823223,1,1,0,568.2277083396912,554.2050004005432,weight
tabpfn,97,students_dropout_and_academic_success,mitra,2,34,6.7476959228515625,6.094810962677002,0.09675672520504638,8,8,0,57.18320608139038,6.677508354187012,Mothers_qualification|Marital_status|Age_at_enrollment|Curricular_units_1st_sem_grade|Curricular_units_1st_sem_evaluations|Course|Curricular_units_2nd_sem_grade|Admission_grade
tabpfn,97,jm1,mitra,5,164,10.233356475830078,9.255069732666016,0.09559783688515637,9,9,0,103.63921523094177,7.156670093536377,l|lOComment|lOCode|n|t|e|loc|lOBlank|d
tabpfn,97,churn,tabicl,3,171,9.16561508178711,8.684659957885742,0.052473851412009186,1,1,0,-90.4240608215332,-3.7401318550109863,total_intl_charge
tabdpt,78,taiwanese_bankruptcy_prediction,mitra,7,166,1.8347764015197754,0.0,1.0,8,2,6,-71.9822645187378,-71.97266817092896,Continuous_Interest_Rate_After_Tax|Debt_Ratio_Percent|Gross_Profit_to_Sales|Interest_Coverage_Ratio|Operating_Profit_Growth_Rate|Working_Capital_to_Equity|Current_Liabilities_to_Liability|Inventory_Turnover_Rate
tabdpt,78,Amazon_employee_access,mitra,4,83,7.943471431732178,0.0,1.0,4,4,0,-19.469082355499268,-19.425630569458008,ROLE_FAMILY_DESC|MGR_ID|ROLE_TITLE|ROLE_DEPTNAME
tabdpt,78,NATICUSdroid,tabpfn,4,181,10.593412399291992,1.6671075820922852,0.8426278974843171,1,1,0,-40.08251428604126,-25.51931142807007,android.permission.CHANGE_NETWORK_STATE
