model_a,model_b,n_datasets,cka_mean,cka_std,cosine_mean,cosine_std,procrustes_mean,procrustes_std
hyperfast,mitra,50,0.2768472316219119,0.21502702906286547,0.02973493417724967,0.23179774974218478,1.012361274957657,0.18544891964437024
hyperfast,tabicl,51,0.26165382149855715,0.18893063891111816,0.012145191741486391,0.18980977677205352,1.0425673407666824,0.16313975822180452
hyperfast,tabpfn,51,0.2245061125752331,0.165634725024352,0.0023707942900193088,0.183531968631513,1.0643835991036659,0.1483982400023314
mitra,tabicl,50,0.6549273960861658,0.19404975738117766,0.009135378999635577,0.026592981011609514,0.6685542684793472,0.1582865582000237
mitra,tabpfn,50,0.7885519675382296,0.14419919072654336,0.3447225263342261,0.2763052623526099,0.570241476893425,0.14307467309336347
tabicl,tabpfn,51,0.6149236172952893,0.17786593988751193,0.19417332222356515,0.260211961649143,0.7041367356683693,0.13297892753931975
